0.15000, 0.05765
0.16000, 0.05765
0.17000, 0.05765
0.18000, 0.05765
0.19000, 0.05766
0.20000, 0.05766
0.21000, 0.05765
0.22000, 0.05763
0.23000, 0.05762
0.24000, 0.05764
0.25000, 0.05772
0.26000, 0.05778
0.27000, 0.05770
0.28000, 0.05742
0.29000, 0.05718
0.30000, 0.05744
0.31000, 0.05849
0.32000, 0.05939
0.33000, 0.05850
0.34000, 0.05745
0.35000, 0.05713
0.36000, 0.05680
0.37000, 0.05646
0.38000, 0.05611
0.39000, 0.05575
0.40000, 0.05540
0.41000, 0.05506
0.42000, 0.05473
0.43000, 0.05443
0.44000, 0.05414
0.45000, 0.05389
0.46000, 0.05367
0.47000, 0.05349
0.48000, 0.05336
0.49000, 0.05328
0.50000, 0.05326
0.51000, 0.05330
0.52000, 0.05340
0.53000, 0.05358
0.54000, 0.05384
0.55000, 0.05418
0.56000, 0.05461
0.57000, 0.05513
0.58000, 0.05576
0.59000, 0.05648
0.60000, 0.05732
0.61000, 0.05827
0.62000, 0.05935
0.63000, 0.06055
0.64000, 0.06188
0.65000, 0.06335
0.66000, 0.06496
0.67000, 0.06671
0.68000, 0.06862
0.69000, 0.07069
0.70000, 0.08381
0.71000, 0.12484
0.72000, 0.16709
0.73000, 0.19436
0.74000, 0.21020
0.75000, 0.24744
0.76000, 0.34077
0.77000, 0.49071
0.78000, 0.64334
0.79000, 0.74041
0.80000, 0.76781
0.81000, 0.78713
0.82000, 0.85053
0.83000, 0.91963
0.84000, 1.00537
0.85000, 1.09888
0.86000, 1.19134
0.87000, 1.27387
0.88000, 1.34818
0.89000, 1.40071
0.90000, 1.39846
0.91000, 1.38099
0.92000, 1.37518
0.93000, 1.37855
0.94000, 1.38449
0.95000, 1.38790
0.96000, 1.38754
0.97000, 1.38272
0.98000, 1.37518
0.99000, 1.37315
1.00000, 1.38597
1.01000, 1.41261
1.02000, 1.42193
1.03000, 1.38054
1.04000, 1.33102
1.05000, 1.26756
1.06000, 1.19757
1.07000, 1.12846
1.08000, 1.06761
1.09000, 1.02159
1.10000, 0.98636
1.11000, 0.97168
1.12000, 0.90828
1.13000, 0.83940
1.14000, 0.75041
1.15000, 0.65049
1.16000, 0.54897
1.17000, 0.45515
1.18000, 0.37838
1.19000, 0.29533
1.20000, 0.26771
1.21000, 0.24793
1.22000, 0.24050
1.23000, 0.23491
1.24000, 0.22869
1.25000, 0.22190
1.26000, 0.21460
1.27000, 0.20686
1.28000, 0.19872
1.29000, 0.19025
1.30000, 0.18151
1.31000, 0.17257
1.32000, 0.16347
1.33000, 0.15429
1.34000, 0.14508
1.35000, 0.13591
1.36000, 0.12682
1.37000, 0.11789
1.38000, 0.10917
1.39000, 0.10073
1.40000, 0.09262
1.41000, 0.08490
1.42000, 0.07764
1.43000, 0.07089
1.44000, 0.06472
1.45000, 0.05918
1.46000, 0.03982
1.47000, 0.04013
1.48000, 0.05361
1.49000, 0.06233
1.50000, 0.06242
1.51000, 0.05884
1.52000, 0.05642
1.53000, 0.05636
1.54000, 0.05731
1.55000, 0.05797
1.56000, 0.05800
1.57000, 0.05775
1.58000, 0.05758
1.59000, 0.05758
1.60000, 0.05764
1.61000, 0.05764
1.62000, 0.05759
1.63000, 0.05760
1.64000, 0.05777
1.65000, 0.05798
1.66000, 0.05790
1.67000, 0.05723
1.68000, 0.05642
1.69000, 0.05669
1.70000, 0.05915
1.71000, 0.06220
1.72000, 0.06138
1.73000, 0.05240
1.74000, 0.04085
1.75000, 0.04333
1.76000, 0.06087
1.77000, 0.06949
1.78000, 0.07952
1.79000, 0.09079
1.80000, 0.10314
1.81000, 0.11640
1.82000, 0.13041
1.83000, 0.14501
1.84000, 0.16004
1.85000, 0.17532
1.86000, 0.19070
1.87000, 0.20601
1.88000, 0.22108
1.89000, 0.23576
1.90000, 0.24988
1.91000, 0.27793
1.92000, 0.32828
1.93000, 0.36079
1.94000, 0.37802
1.95000, 0.39126
1.96000, 0.42810
1.97000, 0.51768
1.98000, 0.66339
1.99000, 0.81700
2.00000, 0.92430
2.01000, 0.96351
2.02000, 0.98272
2.03000, 1.02624
2.04000, 1.04394
2.05000, 1.06447
2.06000, 1.08737
2.07000, 1.11220
2.08000, 1.13851
2.09000, 1.16585
2.10000, 1.19377
2.11000, 1.22183
2.12000, 1.24957
2.13000, 1.27655
2.14000, 1.30233
2.15000, 1.32645
2.16000, 1.34846
2.17000, 1.36791
2.18000, 1.38723
2.19000, 1.42194
2.20000, 1.40864
2.21000, 1.38319
2.22000, 1.37341
2.23000, 1.37675
2.24000, 1.38361
2.25000, 1.38636
2.26000, 1.38553
2.27000, 1.38368
2.28000, 1.38291
2.29000, 1.38312
2.30000, 1.38361
2.31000, 1.38383
2.32000, 1.38378
2.33000, 1.38365
2.34000, 1.38358
2.35000, 1.38360
2.36000, 1.38363
2.37000, 1.38365
2.38000, 1.38365
2.39000, 1.38364
2.40000, 1.38363
2.41000, 1.38363
2.42000, 1.38364
2.43000, 1.38364
2.44000, 1.38364
2.45000, 1.38364
2.46000, 1.38364
2.47000, 1.38364
2.48000, 1.38364
2.49000, 1.38364
2.50000, 1.38364
2.51000, 1.38364
2.52000, 1.38364
2.53000, 1.38364
2.54000, 1.38364
2.55000, 1.38364
2.56000, 1.38364
2.57000, 1.38364
2.58000, 1.38364
2.59000, 1.38364
2.60000, 1.38364
2.61000, 1.38364
2.62000, 1.38364
2.63000, 1.38364
2.64000, 1.38364
2.65000, 1.38364
2.66000, 1.38364
2.67000, 1.38364
2.68000, 1.38364
2.69000, 1.38364
2.70000, 1.38364
2.71000, 1.38364
2.72000, 1.38364
2.73000, 1.38364
2.74000, 1.38364
2.75000, 1.38364
2.76000, 1.38364
2.77000, 1.38364
2.78000, 1.38364
2.79000, 1.38364
2.80000, 1.38364
2.81000, 1.38364
2.82000, 1.38364
2.83000, 1.38364
2.84000, 1.38364
2.85000, 1.38363
2.86000, 1.38363
2.87000, 1.38363
2.88000, 1.38364
2.89000, 1.38365
2.90000, 1.38365
2.91000, 1.38362
2.92000, 1.38359
2.93000, 1.38360
2.94000, 1.38368
2.95000, 1.38380
2.96000, 1.38379
2.97000, 1.38349
2.98000, 1.38305
2.99000, 1.38305
3.00000, 1.38412
3.01000, 1.38580
3.02000, 1.38587
3.03000, 1.38199
3.04000, 1.37568
3.05000, 1.37515
3.06000, 1.38916
3.07000, 1.41282
3.08000, 1.41581
3.09000, 1.36517
3.10000, 1.25208
3.11000, 1.11643
3.12000, 1.00382
3.13000, 0.94125
3.14000, 0.91524
3.15000, 0.90698
3.16000, 0.89638
3.17000, 0.86035
3.18000, 0.77539
3.19000, 0.63608
3.20000, 0.48276
3.21000, 0.36286
3.22000, 0.30411
3.23000, 0.28026
3.24000, 0.25887
3.25000, 0.25287
3.26000, 0.24613
3.27000, 0.23876
3.28000, 0.23090
3.29000, 0.22270
3.30000, 0.21427
3.31000, 0.20575
3.32000, 0.19728
3.33000, 0.18898
3.34000, 0.18099
3.35000, 0.17345
3.36000, 0.16647
3.37000, 0.16021
3.38000, 0.15478
3.39000, 0.15033
3.40000, 0.14698
3.41000, 0.14487
3.42000, 0.14413
3.43000, 0.16449
3.44000, 0.21169
3.45000, 0.25655
3.46000, 0.27838
3.47000, 0.30112
3.48000, 0.36326
3.49000, 0.49202
3.50000, 0.65071
3.51000, 0.78008
3.52000, 0.83423
3.53000, 0.84934
3.54000, 0.89293
3.55000, 0.95695
3.56000, 1.03333
3.57000, 1.12041
3.58000, 1.20935
3.59000, 1.29132
3.60000, 1.35747
3.61000, 1.41748
3.62000, 1.41814
3.63000, 1.39005
3.64000, 1.37314
3.65000, 1.37395
3.66000, 1.38171
3.67000, 1.38640
3.68000, 1.38627
3.69000, 1.38421
3.70000, 1.38291
3.71000, 1.38292
3.72000, 1.38347
3.73000, 1.38383
3.74000, 1.38383
3.75000, 1.38368
3.76000, 1.38359
3.77000, 1.38358
3.78000, 1.38362
3.79000, 1.38365
3.80000, 1.38365
3.81000, 1.38364
3.82000, 1.38363
3.83000, 1.38363
3.84000, 1.38363
3.85000, 1.38364
3.86000, 1.38364
3.87000, 1.38364
3.88000, 1.38364
3.89000, 1.38364
3.90000, 1.38364
3.91000, 1.38364
3.92000, 1.38364
3.93000, 1.38364
3.94000, 1.38364
3.95000, 1.38364
3.96000, 1.38364
3.97000, 1.38364
3.98000, 1.38364
3.99000, 1.38364
4.00000, 1.38364
4.01000, 1.38364
4.02000, 1.38364
4.03000, 1.38364
4.04000, 1.38364
4.05000, 1.38364
4.06000, 1.38364
4.07000, 1.38364
4.08000, 1.38364
4.09000, 1.38364
4.10000, 1.38364
4.11000, 1.38364
4.12000, 1.38364
4.13000, 1.38364
4.14000, 1.38364
4.15000, 1.38364
4.16000, 1.38364
4.17000, 1.38364
4.18000, 1.38364
4.19000, 1.38364
4.20000, 1.38364
4.21000, 1.38364
4.22000, 1.38364
4.23000, 1.38364
4.24000, 1.38364
4.25000, 1.38364
4.26000, 1.38364
4.27000, 1.38364
4.28000, 1.38364
4.29000, 1.38364
4.30000, 1.38364
4.31000, 1.38364
4.32000, 1.38364
4.33000, 1.38364
4.34000, 1.38364
4.35000, 1.38364
4.36000, 1.38364
4.37000, 1.38364
4.38000, 1.38364
4.39000, 1.38364
4.40000, 1.38364
4.41000, 1.38364
4.42000, 1.38364
4.43000, 1.38364
4.44000, 1.38364
4.45000, 1.38364
4.46000, 1.38364
4.47000, 1.38364
4.48000, 1.38364
4.49000, 1.38364
4.50000, 1.38364
4.51000, 1.38364
4.52000, 1.38364
4.53000, 1.38364
4.54000, 1.38364
4.55000, 1.38364
4.56000, 1.38364
4.57000, 1.38364
4.58000, 1.38364
4.59000, 1.38364
4.60000, 1.38364
4.61000, 1.38364
4.62000, 1.38364
4.63000, 1.38364
4.64000, 1.38364
4.65000, 1.38364
4.66000, 1.38364
4.67000, 1.38364
4.68000, 1.38364
4.69000, 1.38364
4.70000, 1.38364
4.71000, 1.38364
4.72000, 1.38364
4.73000, 1.38364
4.74000, 1.38364
4.75000, 1.38364
4.76000, 1.38364
4.77000, 1.38364
4.78000, 1.38364
4.79000, 1.38364
4.80000, 1.38364
4.81000, 1.38364
4.82000, 1.38364
4.83000, 1.38364
4.84000, 1.38364
4.85000, 1.38364
4.86000, 1.38364
4.87000, 1.38364
4.88000, 1.38364
4.89000, 1.38364
4.90000, 1.38364
4.91000, 1.38364
4.92000, 1.38364
4.93000, 1.38364
4.94000, 1.38364
4.95000, 1.38364
4.96000, 1.38364
4.97000, 1.38364
4.98000, 1.38364
4.99000, 1.38364
5.00000, 1.38364
5.01000, 1.38363
5.02000, 1.38364
5.03000, 1.38364
5.04000, 1.38364
5.05000, 1.38364
5.06000, 1.38363
5.07000, 1.38362
5.08000, 1.38363
5.09000, 1.38365
5.10000, 1.38368
5.11000, 1.38367
5.12000, 1.38359
5.13000, 1.38349
5.14000, 1.38350
5.15000, 1.38365
5.16000, 1.38368
5.17000, 1.38371
5.18000, 1.38372
5.19000, 1.38372
5.20000, 1.38369
5.21000, 1.38362
5.22000, 1.38352
5.23000, 1.38336
5.24000, 1.38316
5.25000, 1.38289
5.26000, 1.38256
5.27000, 1.38216
5.28000, 1.38167
5.29000, 1.38110
5.30000, 1.38043
5.31000, 1.37966
5.32000, 1.37878
5.33000, 1.37779
5.34000, 1.37667
5.35000, 1.37543
5.36000, 1.37405
5.37000, 1.37253
5.38000, 1.37086
5.39000, 1.36904
5.40000, 1.36705
5.41000, 1.36490
5.42000, 1.36256
5.43000, 1.36005
5.44000, 1.35734
5.45000, 1.35099
5.46000, 1.31204
5.47000, 1.26927
5.48000, 1.23729
5.49000, 1.22030
5.50000, 1.19117
5.51000, 1.11694
5.52000, 0.98125
5.53000, 0.82182
5.54000, 0.68729
5.55000, 0.61255
5.56000, 0.58377
5.57000, 0.57644
5.58000, 0.56697
5.59000, 0.53535
5.60000, 0.46242
5.61000, 0.33935
5.62000, 0.20007
5.63000, 0.08959
5.64000, 0.04186
5.65000, 0.04091
5.66000, 0.05674
5.67000, 0.06429
5.68000, 0.06259
5.69000, 0.05800
5.70000, 0.05589
5.71000, 0.05630
5.72000, 0.05753
5.73000, 0.05812
5.74000, 0.05802
5.75000, 0.05769
5.76000, 0.05753
5.77000, 0.05756
5.78000, 0.05764
5.79000, 0.05767
5.80000, 0.05766
5.81000, 0.05765
5.82000, 0.05768
5.83000, 0.05771
5.84000, 0.05768
5.85000, 0.05764
5.86000, 0.05763
5.87000, 0.05762
5.88000, 0.05760
5.89000, 0.05759
5.90000, 0.05757
5.91000, 0.05756
5.92000, 0.05754
5.93000, 0.05753
5.94000, 0.05751
5.95000, 0.05750
5.96000, 0.05748
5.97000, 0.05747
5.98000, 0.05745
5.99000, 0.05744
6.00000, 0.05743
6.01000, 0.05742
6.02000, 0.05741
6.03000, 0.05740
6.04000, 0.05740
6.05000, 0.05739
6.06000, 0.05739
6.07000, 0.05739
6.08000, 0.05739
6.09000, 0.05739
6.10000, 0.05740
6.11000, 0.05741
6.12000, 0.05742
6.13000, 0.05743
6.14000, 0.05745
6.15000, 0.05747
6.16000, 0.05750
6.17000, 0.05752
6.18000, 0.05756
6.19000, 0.05759
6.20000, 0.05763
6.21000, 0.05793
6.22000, 0.05855
6.23000, 0.05843
6.24000, 0.05669
6.25000, 0.05435
6.26000, 0.05468
6.27000, 0.06100
6.28000, 0.07123
6.29000, 0.07614
6.30000, 0.06645
6.31000, 0.05422
6.32000, 0.08192
6.33000, 0.16740
6.34000, 0.25175
6.35000, 0.35148
6.36000, 0.45670
6.37000, 0.55753
6.38000, 0.64408
6.39000, 0.71899
6.40000, 0.75981
6.41000, 0.77205
6.42000, 0.83039
6.43000, 0.96568
6.44000, 1.12506
6.45000, 1.24647
6.46000, 1.29772
6.47000, 1.30805
6.48000, 1.31421
6.49000, 1.33960
6.50000, 1.37807
6.51000, 1.41947
6.52000, 1.45072
6.53000, 1.45159
6.54000, 1.41027
6.55000, 1.39395
6.56000, 1.37528
6.57000, 1.35466
6.58000, 1.33247
6.59000, 1.30909
6.60000, 1.28492
6.61000, 1.26033
6.62000, 1.23572
6.63000, 1.21147
6.64000, 1.18797
6.65000, 1.16560
6.66000, 1.14476
6.67000, 1.12582
6.68000, 1.10918
6.69000, 1.09459
6.70000, 1.06138
6.71000, 1.04734
6.72000, 0.99579
6.73000, 0.86815
6.74000, 0.70150
6.75000, 0.55265
6.76000, 0.46612
6.77000, 0.43051
6.78000, 0.41861
6.79000, 0.40547
6.80000, 0.37735
6.81000, 0.32391
6.82000, 0.30332
6.83000, 0.28694
6.84000, 0.26962
6.85000, 0.25163
6.86000, 0.23325
6.87000, 0.21474
6.88000, 0.19638
6.89000, 0.17845
6.90000, 0.16121
6.91000, 0.14495
6.92000, 0.12994
6.93000, 0.11644
6.94000, 0.10473
6.95000, 0.09510
6.96000, 0.08780
6.97000, 0.08292
6.98000, 0.11280
6.99000, 0.15125
7.00000, 0.17014
7.01000, 0.18488
7.02000, 0.23381
7.03000, 0.34994
7.04000, 0.51186
7.05000, 0.66730
7.06000, 0.76787
7.07000, 0.81076
7.08000, 0.82098
7.09000, 0.82382
7.10000, 0.84301
7.11000, 0.90122
7.12000, 1.01806
7.13000, 1.17223
7.14000, 1.31369
7.15000, 1.39489
7.16000, 1.41388
7.17000, 1.40328
7.18000, 1.39520
7.19000, 1.39971
7.20000, 1.40898
7.21000, 1.41497
7.22000, 1.41549
7.23000, 1.41344
7.24000, 1.41181
7.25000, 1.41164
7.26000, 1.41218
7.27000, 1.41263
7.28000, 1.41268
7.29000, 1.41254
7.30000, 1.41246
7.31000, 1.41245
7.32000, 1.41244
7.33000, 1.41243
7.34000, 1.41242
7.35000, 1.41242
7.36000, 1.41241
7.37000, 1.41241
7.38000, 1.41241
7.39000, 1.41240
7.40000, 1.41240
7.41000, 1.41240
7.42000, 1.41240
7.43000, 1.41240
7.44000, 1.41240
7.45000, 1.41240
7.46000, 1.41240
7.47000, 1.41240
7.48000, 1.41240
7.49000, 1.41241
7.50000, 1.41241
7.51000, 1.41241
7.52000, 1.41241
7.53000, 1.41242
7.54000, 1.41242
7.55000, 1.41242
7.56000, 1.41243
7.57000, 1.41243
7.58000, 1.41243
7.59000, 1.41244
7.60000, 1.41244
7.61000, 1.41245
7.62000, 1.41245
7.63000, 1.41245
7.64000, 1.41246
7.65000, 1.41246
7.66000, 1.41247
7.67000, 1.41248
7.68000, 1.41247
7.69000, 1.41246
7.70000, 1.41246
7.71000, 1.41246
7.72000, 1.41246
7.73000, 1.41246
7.74000, 1.41246
7.75000, 1.41246
7.76000, 1.41246
7.77000, 1.41246
7.78000, 1.41246
7.79000, 1.41246
7.80000, 1.41246
7.81000, 1.41246
7.82000, 1.41246
7.83000, 1.41246
7.84000, 1.41246
7.85000, 1.41246
7.86000, 1.41246
7.87000, 1.41246
7.88000, 1.41246
7.89000, 1.41246
7.90000, 1.41246
7.91000, 1.41246
7.92000, 1.41246
7.93000, 1.41246
7.94000, 1.41246
7.95000, 1.41246
7.96000, 1.41246
7.97000, 1.41246
7.98000, 1.41246
7.99000, 1.41246
8.00000, 1.41246
8.01000, 1.41246
8.02000, 1.41246
8.03000, 1.41246
8.04000, 1.41246
8.05000, 1.41246
8.06000, 1.41246
8.07000, 1.41246
8.08000, 1.41246
8.09000, 1.41246
8.10000, 1.41246
8.11000, 1.41246
8.12000, 1.41246
8.13000, 1.41246
8.14000, 1.41246
8.15000, 1.41246
8.16000, 1.41246
8.17000, 1.41246
8.18000, 1.41246
8.19000, 1.41246
8.20000, 1.41246
8.21000, 1.41246
8.22000, 1.41246
8.23000, 1.41246
8.24000, 1.41246
8.25000, 1.41246
8.26000, 1.41246
8.27000, 1.41246
8.28000, 1.41246
8.29000, 1.41246
8.30000, 1.41246
8.31000, 1.41246
8.32000, 1.41246
8.33000, 1.41246
8.34000, 1.41246
8.35000, 1.41246
8.36000, 1.41246
8.37000, 1.41246
8.38000, 1.41246
8.39000, 1.41246
8.40000, 1.41246
8.41000, 1.41246
8.42000, 1.41246
8.43000, 1.41246
8.44000, 1.41246
8.45000, 1.41246
8.46000, 1.41246
8.47000, 1.41246
8.48000, 1.41246
8.49000, 1.41246
8.50000, 1.41246
8.51000, 1.41246
8.52000, 1.41246
8.53000, 1.41246
8.54000, 1.41246
8.55000, 1.41246
8.56000, 1.41246
8.57000, 1.41246
8.58000, 1.41246
8.59000, 1.41246
8.60000, 1.41246
8.61000, 1.41246
8.62000, 1.41246
8.63000, 1.41246
8.64000, 1.41246
8.65000, 1.41246
8.66000, 1.41246
8.67000, 1.41246
8.68000, 1.41246
8.69000, 1.41246
8.70000, 1.41246
8.71000, 1.41246
8.72000, 1.41246
8.73000, 1.41246
8.74000, 1.41246
8.75000, 1.41246
8.76000, 1.41246
8.77000, 1.41246
8.78000, 1.41246
8.79000, 1.41246
8.80000, 1.41246
8.81000, 1.41246
8.82000, 1.41246
8.83000, 1.41246
8.84000, 1.41246
8.85000, 1.41246
8.86000, 1.41246
8.87000, 1.41246
8.88000, 1.41246
8.89000, 1.41246
8.90000, 1.41246
8.91000, 1.41246
8.92000, 1.41246
8.93000, 1.41246
8.94000, 1.41246
8.95000, 1.41246
8.96000, 1.41246
8.97000, 1.41246
8.98000, 1.41246
8.99000, 1.41246
9.00000, 1.41246
9.01000, 1.41246
9.02000, 1.41246
9.03000, 1.41246
9.04000, 1.41246
9.05000, 1.41246
9.06000, 1.41246
9.07000, 1.41245
9.08000, 1.41246
9.09000, 1.41248
9.10000, 1.41249
9.11000, 1.41247
9.12000, 1.41240
9.13000, 1.41236
9.14000, 1.41243
9.15000, 1.41267
9.16000, 1.41285
9.17000, 1.41260
9.18000, 1.41171
9.19000, 1.41102
9.20000, 1.41189
9.21000, 1.41540
9.22000, 1.42066
9.23000, 1.42579
9.24000, 1.42901
9.25000, 1.42971
9.26000, 1.42788
9.27000, 1.42363
9.28000, 1.41821
9.29000, 1.41350
9.30000, 1.41228
9.31000, 1.41203
9.32000, 1.41182
9.33000, 1.41164
9.34000, 1.41148
9.35000, 1.41135
9.36000, 1.41124
9.37000, 1.41115
9.38000, 1.41109
9.39000, 1.41105
9.40000, 1.41102
9.41000, 1.41102
9.42000, 1.41103
9.43000, 1.41106
9.44000, 1.41109
9.45000, 1.41115
9.46000, 1.41121
9.47000, 1.41128
9.48000, 1.41136
9.49000, 1.41145
9.50000, 1.41154
9.51000, 1.41164
9.52000, 1.41174
9.53000, 1.41184
9.54000, 1.41195
9.55000, 1.41205
9.56000, 1.41215
9.57000, 1.41224
9.58000, 1.41233
9.59000, 1.41242
9.60000, 1.41270
9.61000, 1.41284
9.62000, 1.41262
9.63000, 1.41240
9.64000, 1.41236
9.65000, 1.41241
9.66000, 1.41248
9.67000, 1.41250
9.68000, 1.41249
9.69000, 1.41244
9.70000, 1.41240
9.71000, 1.41240
9.72000, 1.41251
9.73000, 1.41266
9.74000, 1.41267
9.75000, 1.41232
9.76000, 1.41173
9.77000, 1.41166
9.78000, 1.41294
9.79000, 1.41515
9.80000, 1.41548
9.81000, 1.41087
9.82000, 1.40259
9.83000, 1.40103
9.84000, 1.41762
9.85000, 1.44859
9.86000, 1.45568
9.87000, 1.40458
9.88000, 1.34481
9.89000, 1.26916
9.90000, 1.18598
9.91000, 1.10364
9.92000, 1.03049
9.93000, 0.97004
9.94000, 0.92314
9.95000, 0.90653
9.96000, 0.85770
9.97000, 0.73797
9.98000, 0.58224
9.99000, 0.43955
10.00000, 0.34571
10.01000, 0.29210
10.02000, 0.26080
10.03000, 0.23764
10.04000, 0.22197
10.05000, 0.21619
10.06000, 0.21634
10.07000, 0.21681
10.08000, 0.21756
10.09000, 0.21858
10.10000, 0.21982
10.11000, 0.22127
10.12000, 0.22290
10.13000, 0.22467
10.14000, 0.22658
10.15000, 0.22857
10.16000, 0.23064
10.17000, 0.23275
10.18000, 0.23487
10.19000, 0.23698
10.20000, 0.23905
10.21000, 0.24105
10.22000, 0.24296
10.23000, 0.24475
10.24000, 0.25399
10.25000, 0.27916
10.26000, 0.34257
10.27000, 0.46202
10.28000, 0.61322
10.29000, 0.75390
10.30000, 0.84663
10.31000, 0.89169
10.32000, 0.90685
10.33000, 0.91062
10.34000, 0.92724
10.35000, 0.98375
10.36000, 1.10186
10.37000, 1.25389
10.38000, 1.38562
10.39000, 1.44805
10.40000, 1.44706
10.41000, 1.42027
10.42000, 1.40316
10.43000, 1.40315
10.44000, 1.41023
10.45000, 1.41473
10.46000, 1.41460
10.47000, 1.41287
10.48000, 1.41248
10.49000, 1.41335
10.50000, 1.41327
10.51000, 1.41027
10.52000, 1.40677
10.53000, 1.40859
10.54000, 1.42050
10.55000, 1.42812
10.56000, 1.40122
10.57000, 1.31124
10.58000, 1.16963
10.59000, 1.02348
10.60000, 0.91948
10.61000, 0.86972
10.62000, 0.85318
10.63000, 0.84759
10.64000, 0.83105
10.65000, 0.78213
10.66000, 0.68043
10.67000, 0.53479
10.68000, 0.38615
10.69000, 0.27624
10.70000, 0.22026
10.71000, 0.20207
10.72000, 0.20203
10.73000, 0.20281
10.74000, 0.20385
10.75000, 0.20517
10.76000, 0.20676
10.77000, 0.20863
10.78000, 0.21078
10.79000, 0.21323
10.80000, 0.21597
10.81000, 0.21902
10.82000, 0.22237
10.83000, 0.22604
10.84000, 0.23003
10.85000, 0.23434
10.86000, 0.23898
10.87000, 0.24395
10.88000, 0.24927
10.89000, 0.25493
10.90000, 0.26883
10.91000, 0.31127
10.92000, 0.35189
10.93000, 0.37899
10.94000, 0.39423
10.95000, 0.42740
10.96000, 0.51174
10.97000, 0.65562
10.98000, 0.81068
10.99000, 0.92083
11.00000, 0.96040
11.01000, 0.97856
11.02000, 1.02627
11.03000, 1.05061
11.04000, 1.07957
11.05000, 1.11218
11.06000, 1.14751
11.07000, 1.18458
11.08000, 1.22246
11.09000, 1.26018
11.10000, 1.29679
11.11000, 1.33134
11.12000, 1.36287
11.13000, 1.39043
11.14000, 1.41483
11.15000, 1.45268
11.16000, 1.43843
11.17000, 1.41241
11.18000, 1.40543
11.19000, 1.41082
11.20000, 1.41260
11.21000, 1.39946
11.22000, 1.38028
11.23000, 1.36930
11.24000, 1.37382
11.25000, 1.36847
11.26000, 1.31840
11.27000, 1.19988
11.28000, 1.04545
11.29000, 0.90546
11.30000, 0.82148
11.31000, 0.78691
11.32000, 0.77865
11.33000, 0.77357
11.34000, 0.74833
11.35000, 0.67956
11.36000, 0.55091
11.37000, 0.39207
11.38000, 0.25107
11.39000, 0.16914
11.40000, 0.13870
11.41000, 0.13112
11.42000, 0.12062
11.43000, 0.10411
11.44000, 0.08905
11.45000, 0.08209
11.46000, 0.08248
11.47000, 0.08571
11.48000, 0.08663
11.49000, 0.08681
11.50000, 0.08698
11.51000, 0.08713
11.52000, 0.08726
11.53000, 0.08738
11.54000, 0.08748
11.55000, 0.08756
11.56000, 0.08763
11.57000, 0.08768
11.58000, 0.08773
11.59000, 0.08776
11.60000, 0.08777
11.61000, 0.08778
11.62000, 0.08777
11.63000, 0.08776
11.64000, 0.08774
11.65000, 0.08771
11.66000, 0.08767
11.67000, 0.08762
11.68000, 0.08757
11.69000, 0.08751
11.70000, 0.08745
11.71000, 0.08738
11.72000, 0.08731
11.73000, 0.08724
11.74000, 0.08716
11.75000, 0.08709
11.76000, 0.08701
11.77000, 0.08693
11.78000, 0.08686
11.79000, 0.08678
11.80000, 0.08671
11.81000, 0.08664
11.82000, 0.08657
11.83000, 0.08651
11.84000, 0.08626
11.85000, 0.08614
11.86000, 0.08634
11.87000, 0.08653
11.88000, 0.08657
11.89000, 0.08652
11.90000, 0.08646
11.91000, 0.08645
11.92000, 0.08647
11.93000, 0.08648
11.94000, 0.08648
11.95000, 0.08648
11.96000, 0.08648
11.97000, 0.08648
11.98000, 0.08648
11.99000, 0.08648
12.00000, 0.08648
12.01000, 0.08648
12.02000, 0.08648
12.03000, 0.08648
12.04000, 0.08648
12.05000, 0.08648
12.06000, 0.08648
12.07000, 0.08648
12.08000, 0.08648
12.09000, 0.08648
12.10000, 0.08648
12.11000, 0.08648
12.12000, 0.08648
12.13000, 0.08648
12.14000, 0.08648
12.15000, 0.08648
12.16000, 0.08648
12.17000, 0.08648
12.18000, 0.08648
12.19000, 0.08648
12.20000, 0.08648
12.21000, 0.08648
12.22000, 0.08648
12.23000, 0.08648
12.24000, 0.08648
12.25000, 0.08648
12.26000, 0.08648
12.27000, 0.08648
12.28000, 0.08648
12.29000, 0.08648
12.30000, 0.08648
12.31000, 0.08648
12.32000, 0.08648
12.33000, 0.08648
12.34000, 0.08648
12.35000, 0.08648
12.36000, 0.08648
12.37000, 0.08648
12.38000, 0.08648
12.39000, 0.08648
12.40000, 0.08648
12.41000, 0.08648
12.42000, 0.08648
12.43000, 0.08648
12.44000, 0.08648
12.45000, 0.08648
12.46000, 0.08648
12.47000, 0.08648
12.48000, 0.08648
12.49000, 0.08648
12.50000, 0.08648
12.51000, 0.08648
12.52000, 0.08648
12.53000, 0.08648
12.54000, 0.08648
12.55000, 0.08648
12.56000, 0.08648
12.57000, 0.08648
12.58000, 0.08648
12.59000, 0.08648
12.60000, 0.08648
12.61000, 0.08648
12.62000, 0.08648
12.63000, 0.08648
12.64000, 0.08648
12.65000, 0.08648
12.66000, 0.08648
12.67000, 0.08648
12.68000, 0.08648
12.69000, 0.08648
12.70000, 0.08648
12.71000, 0.08648
12.72000, 0.08648
12.73000, 0.08648
12.74000, 0.08648
12.75000, 0.08648
12.76000, 0.08648
12.77000, 0.08648
12.78000, 0.08648
12.79000, 0.08648
12.80000, 0.08648
12.81000, 0.08648
12.82000, 0.08648
12.83000, 0.08648
12.84000, 0.08648
12.85000, 0.08648
12.86000, 0.08648
12.87000, 0.08648
12.88000, 0.08648
12.89000, 0.08648
12.90000, 0.08648
12.91000, 0.08648
12.92000, 0.08648
12.93000, 0.08648
12.94000, 0.08648
12.95000, 0.08648
12.96000, 0.08648
12.97000, 0.08648
12.98000, 0.08648
12.99000, 0.08648
13.00000, 0.08648
13.01000, 0.08648
13.02000, 0.08648
13.03000, 0.08648
13.04000, 0.08648
13.05000, 0.08648
13.06000, 0.08648
13.07000, 0.08648
13.08000, 0.08648
13.09000, 0.08648
13.10000, 0.08648
13.11000, 0.08648
13.12000, 0.08648
13.13000, 0.08648
13.14000, 0.08648
13.15000, 0.08648
13.16000, 0.08648
13.17000, 0.08648
13.18000, 0.08648
13.19000, 0.08648
13.20000, 0.08648
13.21000, 0.08648
13.22000, 0.08648
13.23000, 0.08648
13.24000, 0.08648
13.25000, 0.08648
13.26000, 0.08648
13.27000, 0.08648
13.28000, 0.08648
13.29000, 0.08648
13.30000, 0.08648
13.31000, 0.08648
13.32000, 0.08648
13.33000, 0.08648
13.34000, 0.08648
13.35000, 0.08648
13.36000, 0.08648
13.37000, 0.08648
13.38000, 0.08648
13.39000, 0.08648
13.40000, 0.08648
13.41000, 0.08648
13.42000, 0.08648
13.43000, 0.08648
13.44000, 0.08648
13.45000, 0.08648
13.46000, 0.08648
13.47000, 0.08648
13.48000, 0.08648
13.49000, 0.08648
13.50000, 0.08648
13.51000, 0.08648
13.52000, 0.08648
13.53000, 0.08648
13.54000, 0.08648
13.55000, 0.08648
13.56000, 0.08648
13.57000, 0.08648
13.58000, 0.08648
13.59000, 0.08648
13.60000, 0.08648
13.61000, 0.08648
13.62000, 0.08648
13.63000, 0.08648
13.64000, 0.08648
13.65000, 0.08648
13.66000, 0.08648
13.67000, 0.08648
13.68000, 0.08648
13.69000, 0.08648
13.70000, 0.08648
13.71000, 0.08648
13.72000, 0.08648
13.73000, 0.08648
13.74000, 0.08648
13.75000, 0.08648
13.76000, 0.08648
13.77000, 0.08648
13.78000, 0.08648
13.79000, 0.08648
13.80000, 0.08648
13.81000, 0.08648
13.82000, 0.08648
13.83000, 0.08648
13.84000, 0.08648
13.85000, 0.08648
13.86000, 0.08648
13.87000, 0.08648
13.88000, 0.08648
13.89000, 0.08648
13.90000, 0.08648
13.91000, 0.08648
13.92000, 0.08648
13.93000, 0.08648
13.94000, 0.08648
13.95000, 0.08648
13.96000, 0.08647
13.97000, 0.08645
13.98000, 0.08646
13.99000, 0.08651
14.00000, 0.08657
14.01000, 0.08656
14.02000, 0.08636
14.03000, 0.08612
14.04000, 0.08617
14.05000, 0.08651
14.06000, 0.08657
14.07000, 0.08665
14.08000, 0.08673
14.09000, 0.08681
14.10000, 0.08689
14.11000, 0.08698
14.12000, 0.08707
14.13000, 0.08715
14.14000, 0.08724
14.15000, 0.08732
14.16000, 0.08741
14.17000, 0.08749
14.18000, 0.08756
14.19000, 0.08764
14.20000, 0.08770
14.21000, 0.08776
14.22000, 0.08782
14.23000, 0.08786
14.24000, 0.08790
14.25000, 0.08793
14.26000, 0.08794
14.27000, 0.08795
14.28000, 0.08794
14.29000, 0.08793
14.30000, 0.08790
14.31000, 0.08785
14.32000, 0.08779
14.33000, 0.08772
14.34000, 0.08762
14.35000, 0.08751
14.36000, 0.08739
14.37000, 0.08724
14.38000, 0.08708
14.39000, 0.08689
14.40000, 0.08668
14.41000, 0.08616
14.42000, 0.08317
14.43000, 0.08600
14.44000, 0.10287
14.45000, 0.13700
14.46000, 0.17557
14.47000, 0.20261
14.48000, 0.21234
14.49000, 0.23418
14.50000, 0.30511
14.51000, 0.44476
14.52000, 0.60803
14.53000, 0.73468
14.54000, 0.78485
14.55000, 0.80131
14.56000, 0.84772
14.57000, 0.96897
14.58000, 1.12735
14.59000, 1.26244
14.60000, 1.32748
14.61000, 1.34075
14.62000, 1.33991
14.63000, 1.35584
14.64000, 1.38446
14.65000, 1.41039
14.66000, 1.42099
14.67000, 1.41915
14.68000, 1.41316
14.69000, 1.41020
14.70000, 1.41063
14.71000, 1.41224
14.72000, 1.41306
14.73000, 1.41296
14.74000, 1.41253
14.75000, 1.41244
14.76000, 1.41242
14.77000, 1.41239
14.78000, 1.41237
14.79000, 1.41236
14.80000, 1.41234
14.81000, 1.41233
14.82000, 1.41232
14.83000, 1.41231
14.84000, 1.41230
14.85000, 1.41229
14.86000, 1.41229
14.87000, 1.41229
14.88000, 1.41229
14.89000, 1.41229
14.90000, 1.41229
14.91000, 1.41229
14.92000, 1.41230
14.93000, 1.41230
14.94000, 1.41231
14.95000, 1.41232
14.96000, 1.41232
14.97000, 1.41233
14.98000, 1.41234
14.99000, 1.41235
15.00000, 1.41236
15.01000, 1.41237
15.02000, 1.41238
15.03000, 1.41239
15.04000, 1.41240
15.05000, 1.41241
15.06000, 1.41242
15.07000, 1.41243
15.08000, 1.41244
15.09000, 1.41245
15.10000, 1.41246
15.11000, 1.41250
15.12000, 1.41251
15.13000, 1.41249
15.14000, 1.41244
15.15000, 1.41241
15.16000, 1.41243
15.17000, 1.41250
15.18000, 1.41260
15.19000, 1.41258
15.20000, 1.41232
15.21000, 1.41197
15.22000, 1.41201
15.23000, 1.41293
15.24000, 1.41427
15.25000, 1.41419
15.26000, 1.41085
15.27000, 1.40582
15.28000, 1.40585
15.29000, 1.41792
15.30000, 1.43449
15.31000, 1.42466
15.32000, 1.35572
15.33000, 1.22346
15.34000, 1.07309
15.35000, 0.95451
15.36000, 0.89354
15.37000, 0.87101
15.38000, 0.86287
15.39000, 0.84650
15.40000, 0.80230
15.41000, 0.71112
15.42000, 0.57054
15.43000, 0.41456
15.44000, 0.28186
15.45000, 0.20017
15.46000, 0.17151
15.47000, 0.19420
15.48000, 0.26042
15.49000, 0.34668
15.50000, 0.42710
15.51000, 0.48328
15.52000, 0.51722
15.53000, 0.53442
15.54000, 0.54557
15.55000, 0.57676
15.56000, 0.65688
15.57000, 0.79802
15.58000, 0.95840
15.59000, 1.08547
15.60000, 1.14520
15.61000, 1.16775
15.62000, 1.19639
15.63000, 1.20261
15.64000, 1.20955
15.65000, 1.21714
15.66000, 1.22531
15.67000, 1.23401
15.68000, 1.24316
15.69000, 1.25270
15.70000, 1.26257
15.71000, 1.27269
15.72000, 1.28301
15.73000, 1.29346
15.74000, 1.30397
15.75000, 1.31448
15.76000, 1.32493
15.77000, 1.33524
15.78000, 1.34536
15.79000, 1.35521
15.80000, 1.36473
15.81000, 1.37386
15.82000, 1.38254
15.83000, 1.39068
15.84000, 1.39824
15.85000, 1.40515
15.86000, 1.41134
15.87000, 1.43411
15.88000, 1.43148
15.89000, 1.41567
15.90000, 1.40575
15.91000, 1.40534
15.92000, 1.41067
15.93000, 1.41781
15.94000, 1.42161
15.95000, 1.41632
15.96000, 1.39745
15.97000, 1.37258
15.98000, 1.35601
15.99000, 1.35911
16.00000, 1.36172
16.01000, 1.32485
16.02000, 1.21443
16.03000, 1.05611
16.04000, 0.91390
16.05000, 0.84628
16.06000, 0.83286
16.07000, 0.79875
16.08000, 0.72372
16.09000, 0.63889
16.10000, 0.53876
16.11000, 0.43333
16.12000, 0.33265
16.13000, 0.24674
16.14000, 0.16212
16.15000, 0.12822
16.16000, 0.13067
16.17000, 0.12005
16.18000, 0.09060
16.19000, 0.07666
16.20000, 0.09041
16.21000, 0.10012
16.22000, 0.11217
16.23000, 0.12626
16.24000, 0.14212
16.25000, 0.15946
16.26000, 0.17799
16.27000, 0.19744
16.28000, 0.21752
16.29000, 0.23795
16.30000, 0.25843
16.31000, 0.27870
16.32000, 0.29845
16.33000, 0.31742
16.34000, 0.33532
16.35000, 0.37362
16.36000, 0.42594
16.37000, 0.45283
16.38000, 0.46388
16.39000, 0.47597
16.40000, 0.51698
16.41000, 0.61524
16.42000, 0.76867
16.43000, 0.92576
16.44000, 1.03094
16.45000, 1.06648
16.46000, 1.08072
16.47000, 1.11850
16.48000, 1.16155
16.49000, 1.21550
16.50000, 1.27428
16.51000, 1.33179
16.52000, 1.38195
16.53000, 1.42418
16.54000, 1.44525
16.55000, 1.43024
16.56000, 1.40969
16.57000, 1.40366
16.58000, 1.40753
16.59000, 1.41310
16.60000, 1.41482
16.61000, 1.41383
16.62000, 1.41232
16.63000, 1.41181
16.64000, 1.41206
16.65000, 1.41250
16.66000, 1.41269
16.67000, 1.41264
16.68000, 1.41244
16.69000, 1.41221
16.70000, 1.41214
16.71000, 1.41249
16.72000, 1.41323
16.73000, 1.41355
16.74000, 1.41242
16.75000, 1.40969
16.76000, 1.40840
16.77000, 1.41239
16.78000, 1.42253
16.79000, 1.42766
16.80000, 1.41352
16.81000, 1.40805
16.82000, 1.40283
16.83000, 1.39701
16.84000, 1.39063
16.85000, 1.38374
16.86000, 1.37638
16.87000, 1.36860
16.88000, 1.36045
16.89000, 1.35197
16.90000, 1.34321
16.91000, 1.33421
16.92000, 1.32503
16.93000, 1.31570
16.94000, 1.30627
16.95000, 1.29680
16.96000, 1.28732
16.97000, 1.27788
16.98000, 1.26853
16.99000, 1.25931
17.00000, 1.25027
17.01000, 1.24146
17.02000, 1.19701
17.03000, 1.15504
17.04000, 1.12841
17.05000, 1.11571
17.06000, 1.09567
17.07000, 1.03670
17.08000, 0.91268
17.09000, 0.75073
17.10000, 0.60777
17.11000, 0.53454
17.12000, 0.51291
17.13000, 0.48331
17.14000, 0.44145
17.15000, 0.40502
17.16000, 0.36240
17.17000, 0.31576
17.18000, 0.26728
17.19000, 0.21911
17.20000, 0.17342
17.21000, 0.13239
17.22000, 0.09817
17.23000, 0.05459
17.24000, 0.04944
17.25000, 0.07496
17.26000, 0.09562
17.27000, 0.09875
17.28000, 0.09138
17.29000, 0.08115
17.30000, 0.07493
17.31000, 0.07885
17.32000, 0.09858
17.33000, 0.12882
17.34000, 0.15345
17.35000, 0.15693
17.36000, 0.15068
17.37000, 0.17482
17.38000, 0.26926
17.39000, 0.42619
17.40000, 0.58328
17.41000, 0.67699
17.42000, 0.70313
17.43000, 0.73040
17.44000, 0.80233
17.45000, 0.88000
17.46000, 0.97431
17.47000, 1.07595
17.48000, 1.17561
17.49000, 1.26399
17.50000, 1.34926
17.51000, 1.40354
17.52000, 1.40565
17.53000, 1.39615
17.54000, 1.39826
17.55000, 1.40679
17.56000, 1.41261
17.57000, 1.41308
17.58000, 1.41350
17.59000, 1.41388
17.60000, 1.41422
17.61000, 1.41452
17.62000, 1.41478
17.63000, 1.41499
17.64000, 1.41518
17.65000, 1.41533
17.66000, 1.41544
17.67000, 1.41553
17.68000, 1.41558
17.69000, 1.41561
17.70000, 1.41561
17.71000, 1.41558
17.72000, 1.41554
17.73000, 1.41547
17.74000, 1.41538
17.75000, 1.41528
17.76000, 1.41516
17.77000, 1.41503
17.78000, 1.41488
17.79000, 1.41472
17.80000, 1.41456
17.81000, 1.41438
17.82000, 1.41420
17.83000, 1.41402
17.84000, 1.41383
17.85000, 1.41365
17.86000, 1.41346
17.87000, 1.41328
17.88000, 1.41310
17.89000, 1.41293
17.90000, 1.41276
17.91000, 1.41261
17.92000, 1.41247
17.93000, 1.41164
17.94000, 1.41187
17.95000, 1.41243
17.96000, 1.41268
17.97000, 1.41262
17.98000, 1.41247
17.99000, 1.41240
18.00000, 1.41242
18.01000, 1.41246
18.02000, 1.41248
18.03000, 1.41247
18.04000, 1.41246
18.05000, 1.41246
18.06000, 1.41246
18.07000, 1.41246
18.08000, 1.41246
18.09000, 1.41246
18.10000, 1.41246
18.11000, 1.41246
18.12000, 1.41246
18.13000, 1.41246
18.14000, 1.41246
18.15000, 1.41246
18.16000, 1.41246
18.17000, 1.41246
18.18000, 1.41246
18.19000, 1.41246
18.20000, 1.41246
18.21000, 1.41246
18.22000, 1.41246
18.23000, 1.41246
18.24000, 1.41246
18.25000, 1.41246
18.26000, 1.41246
18.27000, 1.41246
18.28000, 1.41246
18.29000, 1.41246
18.30000, 1.41246
18.31000, 1.41246
18.32000, 1.41246
18.33000, 1.41246
18.34000, 1.41246
18.35000, 1.41246
18.36000, 1.41246
18.37000, 1.41246
18.38000, 1.41246
18.39000, 1.41246
18.40000, 1.41246
18.41000, 1.41246
18.42000, 1.41246
18.43000, 1.41246
18.44000, 1.41246
18.45000, 1.41246
18.46000, 1.41246
18.47000, 1.41246
18.48000, 1.41246
18.49000, 1.41246
18.50000, 1.41246
18.51000, 1.41246
18.52000, 1.41246
18.53000, 1.41246
18.54000, 1.41246
18.55000, 1.41246
18.56000, 1.41246
18.57000, 1.41246
18.58000, 1.41246
18.59000, 1.41246
18.60000, 1.41246
18.61000, 1.41246
18.62000, 1.41246
18.63000, 1.41246
18.64000, 1.41246
18.65000, 1.41246
18.66000, 1.41247
18.67000, 1.41247
18.68000, 1.41246
18.69000, 1.41243
18.70000, 1.41243
18.71000, 1.41248
18.72000, 1.41257
18.73000, 1.41258
18.74000, 1.41239
18.75000, 1.41206
18.76000, 1.41200
18.77000, 1.41268
18.78000, 1.41394
18.79000, 1.41421
18.80000, 1.41176
18.81000, 1.40707
18.82000, 1.40586
18.83000, 1.41464
18.84000, 1.43219
18.85000, 1.43736
18.86000, 1.41157
18.87000, 1.40362
18.88000, 1.39460
18.89000, 1.38464
18.90000, 1.37383
18.91000, 1.36229
18.92000, 1.35013
18.93000, 1.33746
18.94000, 1.32439
18.95000, 1.31102
18.96000, 1.29748
18.97000, 1.28386
18.98000, 1.27028
18.99000, 1.25686
19.00000, 1.24369
19.01000, 1.23088
19.02000, 1.21856
19.03000, 1.20682
19.04000, 1.19579
19.05000, 1.18556
19.06000, 1.17625
19.07000, 1.16797
19.08000, 1.13534
19.09000, 1.11028
19.10000, 1.04745
19.11000, 0.91203
19.12000, 0.74280
19.13000, 0.60295
19.14000, 0.54136
19.15000, 0.52395
19.16000, 0.48680
19.17000, 0.44899
19.18000, 0.41000
19.19000, 0.36487
19.20000, 0.31589
19.21000, 0.26533
19.22000, 0.21549
19.23000, 0.16863
19.24000, 0.12705
19.25000, 0.09301
19.26000, 0.04842
19.27000, 0.05220
19.28000, 0.08013
19.29000, 0.09651
19.30000, 0.09582
19.31000, 0.08837
19.32000, 0.08384
19.33000, 0.08394
19.34000, 0.08592
19.35000, 0.08716
19.36000, 0.08715
19.37000, 0.08663
19.38000, 0.08632
19.39000, 0.08635
19.40000, 0.08646
19.41000, 0.08643
19.42000, 0.08632
19.43000, 0.08636
19.44000, 0.08679
19.45000, 0.08725
19.46000, 0.08699
19.47000, 0.08534
19.48000, 0.08356
19.49000, 0.08445
19.50000, 0.09051
19.51000, 0.09729
19.52000, 0.09435
19.53000, 0.07224
19.54000, 0.04649
19.55000, 0.05597
19.56000, 0.13830
19.57000, 0.28136
19.58000, 0.42311
19.59000, 0.50168
19.60000, 0.51890
19.61000, 0.54519
19.62000, 0.61892
19.63000, 0.69987
19.64000, 0.79767
19.65000, 0.90253
19.66000, 1.00466
19.67000, 1.09428
19.68000, 1.18098
19.69000, 1.23256
19.70000, 1.24380
19.71000, 1.25504
19.72000, 1.25848
19.73000, 1.26243
19.74000, 1.26685
19.75000, 1.27170
19.76000, 1.27694
19.77000, 1.28253
19.78000, 1.28843
19.79000, 1.29462
19.80000, 1.30103
19.81000, 1.30765
19.82000, 1.31442
19.83000, 1.32132
19.84000, 1.32829
19.85000, 1.33531
19.86000, 1.34234
19.87000, 1.34933
19.88000, 1.35625
19.89000, 1.36305
19.90000, 1.36971
19.91000, 1.37618
19.92000, 1.38242
19.93000, 1.38839
19.94000, 1.39406
19.95000, 1.39939
19.96000, 1.40433
19.97000, 1.40886
19.98000, 1.41634
19.99000, 1.43043
20.00000, 1.42328
20.01000, 1.41165
20.02000, 1.40766
20.03000, 1.40948
20.04000, 1.41262
20.05000, 1.41374
20.06000, 1.41328
20.07000, 1.41244
20.08000, 1.41214
20.09000, 1.41227
20.10000, 1.41246
20.11000, 1.41246
20.12000, 1.41238
20.13000, 1.41246
20.14000, 1.41278
20.15000, 1.41297
20.16000, 1.41250
20.17000, 1.41122
20.18000, 1.41051
20.19000, 1.41220
20.20000, 1.41740
20.21000, 1.42352
20.22000, 1.42684
20.23000, 1.42454
20.24000, 1.41869
20.25000, 1.41298
20.26000, 1.41219
20.27000, 1.41190
20.28000, 1.41164
20.29000, 1.41141
20.30000, 1.41121
20.31000, 1.41103
20.32000, 1.41087
20.33000, 1.41074
20.34000, 1.41063
20.35000, 1.41054
20.36000, 1.41047
20.37000, 1.41042
20.38000, 1.41039
20.39000, 1.41038
20.40000, 1.41038
20.41000, 1.41039
20.42000, 1.41042
20.43000, 1.41047
20.44000, 1.41052
20.45000, 1.41059
20.46000, 1.41067
20.47000, 1.41076
20.48000, 1.41085
20.49000, 1.41096
20.50000, 1.41107
20.51000, 1.41118
20.52000, 1.41130
20.53000, 1.41142
20.54000, 1.41155
20.55000, 1.41167
20.56000, 1.41180
20.57000, 1.41193
20.58000, 1.41205
20.59000, 1.41218
20.60000, 1.41230
20.61000, 1.41241
20.62000, 1.41306
20.63000, 1.41348
20.64000, 1.41301
20.65000, 1.41165
20.66000, 1.41034
20.67000, 1.41089
20.68000, 1.41496
20.69000, 1.41983
20.70000, 1.41835
20.71000, 1.40356
20.72000, 1.37880
20.73000, 1.35856
20.74000, 1.35710
20.75000, 1.36417
20.76000, 1.34096
20.77000, 1.24830
20.78000, 1.09201
20.79000, 0.93410
20.80000, 0.83878
20.81000, 0.81430
20.82000, 0.79378
20.83000, 0.72948
20.84000, 0.65772
20.85000, 0.56827
20.86000, 0.46913
20.87000, 0.36831
20.88000, 0.27381
20.89000, 0.17287
20.90000, 0.08335
20.91000, 0.07330
20.92000, 0.14249
20.93000, 0.27457
20.94000, 0.42428
20.95000, 0.54353
20.96000, 0.60637
20.97000, 0.62960
20.98000, 0.63492
20.99000, 0.64467
21.00000, 0.68258
21.01000, 0.77246
21.02000, 0.91768
21.03000, 1.07580
21.04000, 1.19819
21.05000, 1.25799
21.06000, 1.28108
21.07000, 1.29753
21.08000, 1.30027
21.09000, 1.30324
21.10000, 1.30643
21.11000, 1.30983
21.12000, 1.31341
21.13000, 1.31716
21.14000, 1.32106
21.15000, 1.32510
21.16000, 1.32925
21.17000, 1.33350
21.18000, 1.33783
21.19000, 1.34222
21.20000, 1.34666
21.21000, 1.35113
21.22000, 1.35560
21.23000, 1.36007
21.24000, 1.36452
21.25000, 1.36893
21.26000, 1.37327
21.27000, 1.37754
21.28000, 1.38172
21.29000, 1.38578
21.30000, 1.38971
21.31000, 1.39350
21.32000, 1.39712
21.33000, 1.40056
21.34000, 1.40380
21.35000, 1.40683
21.36000, 1.40962
21.37000, 1.41216
21.38000, 1.42409
21.39000, 1.42173
21.40000, 1.41352
21.41000, 1.40938
21.42000, 1.40992
21.43000, 1.41212
21.44000, 1.41329
21.45000, 1.41317
21.46000, 1.41257
21.47000, 1.41222
21.48000, 1.41222
21.49000, 1.41241
21.50000, 1.41262
21.51000, 1.41271
21.52000, 1.41256
21.53000, 1.41209
21.54000, 1.41171
21.55000, 1.41211
21.56000, 1.41376
21.57000, 1.41521
21.58000, 1.41388
21.59000, 1.40783
21.60000, 1.40227
21.61000, 1.40682
21.62000, 1.42899
21.63000, 1.45026
21.64000, 1.43480
21.65000, 1.40231
21.66000, 1.38365
21.67000, 1.36228
21.68000, 1.33865
21.69000, 1.31323
21.70000, 1.28646
21.71000, 1.25881
21.72000, 1.23072
21.73000, 1.20266
21.74000, 1.17507
21.75000, 1.14842
21.76000, 1.12315
21.77000, 1.09973
21.78000, 1.07861
21.79000, 1.06025
21.80000, 1.02400
21.81000, 1.00127
21.82000, 0.97409
21.83000, 0.88399
21.84000, 0.72946
21.85000, 0.57110
21.86000, 0.47096
21.87000, 0.43778
21.88000, 0.41779
21.89000, 0.38427
21.90000, 0.37104
21.91000, 0.35601
21.92000, 0.33946
21.93000, 0.32163
21.94000, 0.30279
21.95000, 0.28320
21.96000, 0.26313
21.97000, 0.24283
21.98000, 0.22256
21.99000, 0.20258
22.00000, 0.18316
22.01000, 0.16456
22.02000, 0.14703
22.03000, 0.13084
22.04000, 0.11624
22.05000, 0.10351
22.06000, 0.09289
22.07000, 0.07786
22.08000, 0.08775
22.09000, 0.13626
22.10000, 0.18024
22.11000, 0.20097
22.12000, 0.23097
22.13000, 0.30907
22.14000, 0.44919
22.15000, 0.60892
22.16000, 0.73819
22.17000, 0.80651
22.18000, 0.83113
22.19000, 0.83644
22.20000, 0.84603
22.21000, 0.88140
22.22000, 0.96369
22.23000, 1.09846
22.24000, 1.24691
22.25000, 1.36239
22.26000, 1.41426
22.27000, 1.42134
22.28000, 1.41195
22.29000, 1.40792
22.30000, 1.40954
22.31000, 1.41254
22.32000, 1.41367
22.33000, 1.41327
22.34000, 1.41246
22.35000, 1.41214
22.36000, 1.41224
22.37000, 1.41246
22.38000, 1.41255
22.39000, 1.41252
22.40000, 1.41246
22.41000, 1.41246
22.42000, 1.41245
22.43000, 1.41245
22.44000, 1.41245
22.45000, 1.41245
22.46000, 1.41244
22.47000, 1.41244
22.48000, 1.41244
22.49000, 1.41244
22.50000, 1.41244
22.51000, 1.41244
22.52000, 1.41244
22.53000, 1.41244
22.54000, 1.41244
22.55000, 1.41244
22.56000, 1.41244
22.57000, 1.41244
22.58000, 1.41244
22.59000, 1.41244
22.60000, 1.41244
22.61000, 1.41244
22.62000, 1.41244
22.63000, 1.41244
22.64000, 1.41245
22.65000, 1.41245
22.66000, 1.41245
22.67000, 1.41245
22.68000, 1.41245
22.69000, 1.41245
22.70000, 1.41245
22.71000, 1.41245
22.72000, 1.41246
22.73000, 1.41246
22.74000, 1.41246
22.75000, 1.41246
22.76000, 1.41246
22.77000, 1.41247
22.78000, 1.41247
22.79000, 1.41246
22.80000, 1.41246
22.81000, 1.41246
22.82000, 1.41246
22.83000, 1.41246
22.84000, 1.41246
22.85000, 1.41246
22.86000, 1.41246
22.87000, 1.41246
22.88000, 1.41246
22.89000, 1.41246
22.90000, 1.41247
22.91000, 1.41246
22.92000, 1.41246
22.93000, 1.41245
22.94000, 1.41245
22.95000, 1.41248
22.96000, 1.41252
22.97000, 1.41251
22.98000, 1.41240
22.99000, 1.41226
23.00000, 1.41229
23.01000, 1.41267
23.02000, 1.41319
23.03000, 1.41313
23.04000, 1.41175
23.05000, 1.40978
23.06000, 1.40993
23.07000, 1.41264
23.08000, 1.41317
23.09000, 1.41374
23.10000, 1.41434
23.11000, 1.41497
23.12000, 1.41562
23.13000, 1.41629
23.14000, 1.41696
23.15000, 1.41763
23.16000, 1.41830
23.17000, 1.41896
23.18000, 1.41961
23.19000, 1.42023
23.20000, 1.42082
23.21000, 1.42138
23.22000, 1.42189
23.23000, 1.42236
23.24000, 1.42278
23.25000, 1.42313
23.26000, 1.42342
23.27000, 1.42364
23.28000, 1.42378
23.29000, 1.42384
23.30000, 1.42381
23.31000, 1.42368
23.32000, 1.42345
23.33000, 1.42311
23.34000, 1.42266
23.35000, 1.42208
23.36000, 1.42138
23.37000, 1.42055
23.38000, 1.41957
23.39000, 1.41845
23.40000, 1.41718
23.41000, 1.41576
23.42000, 1.41417
23.43000, 1.41177
23.44000, 1.37948
23.45000, 1.34015
23.46000, 1.31151
23.47000, 1.30183
23.48000, 1.28189
23.49000, 1.21321
23.50000, 1.07328
23.51000, 0.90820
23.52000, 0.78245
23.53000, 0.74049
23.54000, 0.73340
23.55000, 0.68510
23.56000, 0.61779
23.57000, 0.53240
23.58000, 0.43489
23.59000, 0.33496
23.60000, 0.24233
23.61000, 0.16673
23.62000, 0.09132
23.63000, 0.08052
23.64000, 0.09837
23.65000, 0.10567
23.66000, 0.09873
23.67000, 0.08804
23.68000, 0.08283
23.69000, 0.08337
23.70000, 0.08599
23.71000, 0.08744
23.72000, 0.08733
23.73000, 0.08662
23.74000, 0.08622
23.75000, 0.08625
23.76000, 0.08643
23.77000, 0.08649
23.78000, 0.08650
23.79000, 0.08651
23.80000, 0.08652
23.81000, 0.08652
23.82000, 0.08653
23.83000, 0.08654
23.84000, 0.08654
23.85000, 0.08654
23.86000, 0.08655
23.87000, 0.08655
23.88000, 0.08655
23.89000, 0.08655
23.90000, 0.08655
23.91000, 0.08655
23.92000, 0.08655
23.93000, 0.08655
23.94000, 0.08655
23.95000, 0.08655
23.96000, 0.08654
23.97000, 0.08654
23.98000, 0.08654
23.99000, 0.08653
24.00000, 0.08653
24.01000, 0.08653
24.02000, 0.08652
24.03000, 0.08652
24.04000, 0.08651
24.05000, 0.08651
24.06000, 0.08650
24.07000, 0.08650
24.08000, 0.08649
24.09000, 0.08649
24.10000, 0.08649
24.11000, 0.08648
24.12000, 0.08648
24.13000, 0.08646
24.14000, 0.08646
24.15000, 0.08647
24.16000, 0.08648
24.17000, 0.08648
24.18000, 0.08648
24.19000, 0.08648
24.20000, 0.08648
24.21000, 0.08648
24.22000, 0.08648
24.23000, 0.08648
24.24000, 0.08648
24.25000, 0.08648
24.26000, 0.08648
24.27000, 0.08648
24.28000, 0.08648
24.29000, 0.08648
24.30000, 0.08648
24.31000, 0.08647
24.32000, 0.08645
24.33000, 0.08645
24.34000, 0.08649
24.35000, 0.08656
24.36000, 0.08658
24.37000, 0.08643
24.38000, 0.08617
24.39000, 0.08610
24.40000, 0.08649
24.41000, 0.08656
24.42000, 0.08663
24.43000, 0.08671
24.44000, 0.08679
24.45000, 0.08687
24.46000, 0.08696
24.47000, 0.08705
24.48000, 0.08713
24.49000, 0.08722
24.50000, 0.08731
24.51000, 0.08739
24.52000, 0.08747
24.53000, 0.08755
24.54000, 0.08762
24.55000, 0.08769
24.56000, 0.08776
24.57000, 0.08781
24.58000, 0.08786
24.59000, 0.08790
24.60000, 0.08793
24.61000, 0.08795
24.62000, 0.08796
24.63000, 0.08796
24.64000, 0.08794
24.65000, 0.08792
24.66000, 0.08787
24.67000, 0.08782
24.68000, 0.08775
24.69000, 0.08766
24.70000, 0.08755
24.71000, 0.08743
24.72000, 0.08729
24.73000, 0.08713
24.74000, 0.08694
24.75000, 0.08674
24.76000, 0.08652
24.77000, 0.08372
24.78000, 0.08418
24.79000, 0.09655
24.80000, 0.12692
24.81000, 0.16594
24.82000, 0.19751
24.83000, 0.20983
24.84000, 0.22459
24.85000, 0.27918
24.86000, 0.40387
24.87000, 0.56772
24.88000, 0.70889
24.89000, 0.77372
24.90000, 0.78668
24.91000, 0.81476
24.92000, 0.91775
24.93000, 1.07761
24.94000, 1.23079
24.95000, 1.31848
24.96000, 1.34185
24.97000, 1.33981
24.98000, 1.34930
24.99000, 1.37603
25.00000, 1.40451
25.01000, 1.41984
25.02000, 1.42051
25.03000, 1.41472
25.04000, 1.41053
25.05000, 1.41028
25.06000, 1.41181
25.07000, 1.41296
25.08000, 1.41305
25.09000, 1.41264
25.10000, 1.41245
25.11000, 1.41243
25.12000, 1.41240
25.13000, 1.41239
25.14000, 1.41237
25.15000, 1.41236
25.16000, 1.41234
25.17000, 1.41233
25.18000, 1.41232
25.19000, 1.41232
25.20000, 1.41231
25.21000, 1.41231
25.22000, 1.41230
25.23000, 1.41230
25.24000, 1.41230
25.25000, 1.41230
25.26000, 1.41230
25.27000, 1.41231
25.28000, 1.41231
25.29000, 1.41232
25.30000, 1.41232
25.31000, 1.41233
25.32000, 1.41233
25.33000, 1.41234
25.34000, 1.41235
25.35000, 1.41236
25.36000, 1.41237
25.37000, 1.41238
25.38000, 1.41238
25.39000, 1.41239
25.40000, 1.41240
25.41000, 1.41241
25.42000, 1.41242
25.43000, 1.41243
25.44000, 1.41243
25.45000, 1.41244
25.46000, 1.41245
25.47000, 1.41245
25.48000, 1.41246
25.49000, 1.41247
25.50000, 1.41245
25.51000, 1.41242
25.52000, 1.41248
25.53000, 1.41265
25.54000, 1.41271
25.55000, 1.41239
25.56000, 1.41172
25.57000, 1.41151
25.58000, 1.41268
25.59000, 1.41518
25.60000, 1.41606
25.61000, 1.41186
25.62000, 1.40189
25.63000, 1.39425
25.64000, 1.39875
25.65000, 1.41633
25.66000, 1.41766
25.67000, 1.36697
25.68000, 1.24430
25.69000, 1.08836
25.70000, 0.95140
25.71000, 0.87310
25.72000, 0.84251
25.73000, 0.83601
25.74000, 0.83002
25.75000, 0.80128
25.76000, 0.72660
25.77000, 0.59277
25.78000, 0.43366
25.79000, 0.29705
25.80000, 0.22062
25.81000, 0.19020
25.82000, 0.17501
25.83000, 0.17144
25.84000, 0.16962
25.85000, 0.16769
25.86000, 0.16565
25.87000, 0.16350
25.88000, 0.16126
25.89000, 0.15893
25.90000, 0.15652
25.91000, 0.15404
25.92000, 0.15150
25.93000, 0.14890
25.94000, 0.14625
25.95000, 0.14355
25.96000, 0.14082
25.97000, 0.13807
25.98000, 0.13529
25.99000, 0.13250
26.00000, 0.12971
26.01000, 0.12692
26.02000, 0.12414
26.03000, 0.12138
26.04000, 0.11864
26.05000, 0.11593
26.06000, 0.11327
26.07000, 0.11065
26.08000, 0.10809
26.09000, 0.10559
26.10000, 0.10316
26.11000, 0.10080
26.12000, 0.09854
26.13000, 0.09636
26.14000, 0.09429
26.15000, 0.09232
26.16000, 0.09046
26.17000, 0.08873
26.18000, 0.08713
26.19000, 0.07946
26.20000, 0.07817
26.21000, 0.08385
26.22000, 0.08830
26.23000, 0.08873
26.24000, 0.08723
26.25000, 0.08600
26.26000, 0.08587
26.27000, 0.08626
26.28000, 0.08660
26.29000, 0.08664
26.30000, 0.08654
26.31000, 0.08645
26.32000, 0.08643
26.33000, 0.08646
26.34000, 0.08649
26.35000, 0.08649
26.36000, 0.08648
26.37000, 0.08648
26.38000, 0.08647
26.39000, 0.08648
26.40000, 0.08648
26.41000, 0.08648
26.42000, 0.08648
26.43000, 0.08648
26.44000, 0.08648
26.45000, 0.08648
26.46000, 0.08648
26.47000, 0.08648
26.48000, 0.08648
26.49000, 0.08648
26.50000, 0.08648
26.51000, 0.08648
26.52000, 0.08648
26.53000, 0.08648
26.54000, 0.08648
26.55000, 0.08648
26.56000, 0.08648
26.57000, 0.08648
26.58000, 0.08648
26.59000, 0.08648
26.60000, 0.08648
26.61000, 0.08648
26.62000, 0.08648
26.63000, 0.08648
26.64000, 0.08648
26.65000, 0.08648
26.66000, 0.08648
26.67000, 0.08648
26.68000, 0.08648
26.69000, 0.08648
26.70000, 0.08648
26.71000, 0.08648
26.72000, 0.08648
26.73000, 0.08648
26.74000, 0.08648
26.75000, 0.08648
26.76000, 0.08648
26.77000, 0.08648
26.78000, 0.08648
26.79000, 0.08648
26.80000, 0.08648
26.81000, 0.08648
26.82000, 0.08648
26.83000, 0.08648
26.84000, 0.08648
26.85000, 0.08648
26.86000, 0.08648
26.87000, 0.08648
26.88000, 0.08648
26.89000, 0.08648
26.90000, 0.08648
26.91000, 0.08648
26.92000, 0.08648
26.93000, 0.08648
26.94000, 0.08648
26.95000, 0.08648
26.96000, 0.08648
26.97000, 0.08648
26.98000, 0.08648
26.99000, 0.08648
27.00000, 0.08648
27.01000, 0.08648
27.02000, 0.08648
27.03000, 0.08648
27.04000, 0.08648
27.05000, 0.08648
27.06000, 0.08648
27.07000, 0.08648
27.08000, 0.08648
27.09000, 0.08648
27.10000, 0.08648
27.11000, 0.08648
27.12000, 0.08648
27.13000, 0.08648
27.14000, 0.08648
27.15000, 0.08648
27.16000, 0.08648
27.17000, 0.08648
27.18000, 0.08648
27.19000, 0.08648
27.20000, 0.08648
27.21000, 0.08648
27.22000, 0.08648
27.23000, 0.08648
27.24000, 0.08648
27.25000, 0.08648
27.26000, 0.08648
27.27000, 0.08648
27.28000, 0.08648
27.29000, 0.08648
27.30000, 0.08648
27.31000, 0.08648
27.32000, 0.08648
27.33000, 0.08648
27.34000, 0.08648
27.35000, 0.08648
27.36000, 0.08648
27.37000, 0.08648
27.38000, 0.08648
27.39000, 0.08648
27.40000, 0.08648
27.41000, 0.08648
27.42000, 0.08648
27.43000, 0.08648
27.44000, 0.08648
27.45000, 0.08648
27.46000, 0.08648
27.47000, 0.08648
27.48000, 0.08648
27.49000, 0.08648
27.50000, 0.08648
27.51000, 0.08648
27.52000, 0.08648
27.53000, 0.08648
27.54000, 0.08648
27.55000, 0.08648
27.56000, 0.08648
27.57000, 0.08648
27.58000, 0.08648
27.59000, 0.08648
27.60000, 0.08648
27.61000, 0.08648
27.62000, 0.08648
27.63000, 0.08648
27.64000, 0.08648
27.65000, 0.08648
27.66000, 0.08648
27.67000, 0.08648
27.68000, 0.08648
27.69000, 0.08648
27.70000, 0.08648
27.71000, 0.08648
27.72000, 0.08648
27.73000, 0.08648
27.74000, 0.08648
27.75000, 0.08648
27.76000, 0.08648
27.77000, 0.08648
27.78000, 0.08648
27.79000, 0.08648
27.80000, 0.08648
27.81000, 0.08648
27.82000, 0.08648
27.83000, 0.08648
27.84000, 0.08648
27.85000, 0.08648
27.86000, 0.08648
27.87000, 0.08648
27.88000, 0.08648
27.89000, 0.08648
27.90000, 0.08648
27.91000, 0.08648
27.92000, 0.08648
27.93000, 0.08648
27.94000, 0.08648
27.95000, 0.08648
27.96000, 0.08648
27.97000, 0.08648
27.98000, 0.08648
27.99000, 0.08648
28.00000, 0.08648
28.01000, 0.08648
28.02000, 0.08648
28.03000, 0.08648
28.04000, 0.08648
28.05000, 0.08648
28.06000, 0.08648
28.07000, 0.08648
28.08000, 0.08648
28.09000, 0.08648
28.10000, 0.08648
28.11000, 0.08648
28.12000, 0.08648
28.13000, 0.08648
28.14000, 0.08648
28.15000, 0.08648
28.16000, 0.08648
28.17000, 0.08648
28.18000, 0.08648
28.19000, 0.08647
28.20000, 0.08647
28.21000, 0.08647
28.22000, 0.08649
28.23000, 0.08650
28.24000, 0.08649
28.25000, 0.08644
28.26000, 0.08639
28.27000, 0.08643
28.28000, 0.08662
28.29000, 0.08679
28.30000, 0.08665
28.31000, 0.08595
28.32000, 0.08530
28.33000, 0.08580
28.34000, 0.08834
28.35000, 0.09084
28.36000, 0.08914
28.37000, 0.07983
28.38000, 0.07032
28.39000, 0.07603
28.40000, 0.08827
28.41000, 0.09155
28.42000, 0.09512
28.43000, 0.09894
28.44000, 0.10301
28.45000, 0.10731
28.46000, 0.11181
28.47000, 0.11650
28.48000, 0.12136
28.49000, 0.12638
28.50000, 0.13153
28.51000, 0.13680
28.52000, 0.14217
28.53000, 0.14762
28.54000, 0.15313
28.55000, 0.15869
28.56000, 0.16427
28.57000, 0.16987
28.58000, 0.17545
28.59000, 0.18101
28.60000, 0.18653
28.61000, 0.19198
28.62000, 0.19735
28.63000, 0.20262
28.64000, 0.20778
28.65000, 0.21280
28.66000, 0.21766
28.67000, 0.22236
28.68000, 0.22687
28.69000, 0.23117
28.70000, 0.23524
28.71000, 0.23908
28.72000, 0.24265
28.73000, 0.25398
28.74000, 0.27462
28.75000, 0.30720
28.76000, 0.38811
28.77000, 0.52646
28.78000, 0.68013
28.79000, 0.80153
28.80000, 0.86479
28.81000, 0.88806
28.82000, 0.89478
28.83000, 0.90724
28.84000, 0.94520
28.85000, 1.02806
28.86000, 1.15771
28.87000, 1.29497
28.88000, 1.39479
28.89000, 1.43118
28.90000, 1.42655
28.91000, 1.41089
28.92000, 1.40559
28.93000, 1.40834
28.94000, 1.41281
28.95000, 1.41441
28.96000, 1.41374
28.97000, 1.41237
28.98000, 1.41156
28.99000, 1.41158
29.00000, 1.41253
29.01000, 1.41410
29.02000, 1.41468
29.03000, 1.41238
29.04000, 1.40695
29.05000, 1.40443
29.06000, 1.41233
29.07000, 1.43236
29.08000, 1.44248
29.09000, 1.41452
29.10000, 1.39993
29.11000, 1.38464
29.12000, 1.36739
29.13000, 1.34854
29.14000, 1.32845
29.15000, 1.30749
29.16000, 1.28603
29.17000, 1.26444
29.18000, 1.24309
29.19000, 1.22233
29.20000, 1.20255
29.21000, 1.18410
29.22000, 1.16735
29.23000, 1.15268
29.24000, 1.14044
29.25000, 1.11422
29.26000, 1.10019
29.27000, 1.04464
29.28000, 0.96724
29.29000, 0.87847
29.30000, 0.77741
29.31000, 0.67331
29.32000, 0.57540
29.33000, 0.49291
29.34000, 0.40511
29.35000, 0.37126
29.36000, 0.36395
29.37000, 0.34105
29.38000, 0.30350
29.39000, 0.27625
29.40000, 0.28184
29.41000, 0.31444
29.42000, 0.35116
29.43000, 0.37179
29.44000, 0.39011
29.45000, 0.44181
29.46000, 0.55883
29.47000, 0.71999
29.48000, 0.86724
29.49000, 0.94640
29.50000, 0.96913
29.51000, 0.99619
29.52000, 1.05117
29.53000, 1.11263
29.54000, 1.18498
29.55000, 1.26057
29.56000, 1.33179
29.57000, 1.39099
29.58000, 1.44344
29.59000, 1.45115
29.60000, 1.42553
29.61000, 1.40444
29.62000, 1.40198
29.63000, 1.40874
29.64000, 1.41454
29.65000, 1.41530
29.66000, 1.41352
29.67000, 1.41192
29.68000, 1.41167
29.69000, 1.41214
29.70000, 1.41263
29.71000, 1.41277
29.72000, 1.41264
29.73000, 1.41232
29.74000, 1.41201
29.75000, 1.41207
29.76000, 1.41284
29.77000, 1.41392
29.78000, 1.41386
29.79000, 1.41119
29.80000, 1.40716
29.81000, 1.40717
29.82000, 1.41679
29.83000, 1.43191
29.84000, 1.43260
29.85000, 1.41083
29.86000, 1.40464
29.87000, 1.39774
29.88000, 1.39018
29.89000, 1.38205
29.90000, 1.37339
29.91000, 1.36427
29.92000, 1.35476
29.93000, 1.34493
29.94000, 1.33483
29.95000, 1.32453
29.96000, 1.31410
29.97000, 1.30361
29.98000, 1.29311
29.99000, 1.28267
30.00000, 1.27235
30.01000, 1.26223
30.02000, 1.25236
30.03000, 1.24281
30.04000, 1.23365
30.05000, 1.22493
30.06000, 1.21673
30.07000, 1.20911
30.08000, 1.20213
30.09000, 1.19304
30.10000, 1.16478
30.11000, 1.14021
30.12000, 1.07686
30.13000, 0.94966
30.14000, 0.79465
30.15000, 0.66128
30.16000, 0.58609
30.17000, 0.55640
30.18000, 0.54776
30.19000, 0.53691
30.20000, 0.50540
30.21000, 0.43601
30.22000, 0.38049
30.23000, 0.31805
30.24000, 0.25232
30.25000, 0.18871
30.26000, 0.13267
30.27000, 0.08961
30.28000, 0.05370
30.29000, 0.06137
30.30000, 0.08423
30.31000, 0.09518
30.32000, 0.09335
30.33000, 0.08723
30.34000, 0.08417
30.35000, 0.08460
30.36000, 0.08624
30.37000, 0.08709
30.38000, 0.08699
30.39000, 0.08655
30.40000, 0.08632
30.41000, 0.08634
30.42000, 0.08645
30.43000, 0.08652
30.44000, 0.08652
30.45000, 0.08648
30.46000, 0.08647
30.47000, 0.08647
30.48000, 0.08648
30.49000, 0.08648
30.50000, 0.08648
30.51000, 0.08648
30.52000, 0.08648
30.53000, 0.08648
30.54000, 0.08648
30.55000, 0.08648
30.56000, 0.08648
30.57000, 0.08648
30.58000, 0.08648
30.59000, 0.08648
30.60000, 0.08648
30.61000, 0.08648
30.62000, 0.08648
30.63000, 0.08648
30.64000, 0.08648
30.65000, 0.08648
30.66000, 0.08648
30.67000, 0.08648
30.68000, 0.08648
30.69000, 0.08648
30.70000, 0.08648
30.71000, 0.08648
30.72000, 0.08648
30.73000, 0.08648
30.74000, 0.08648
30.75000, 0.08648
30.76000, 0.08648
30.77000, 0.08648
30.78000, 0.08648
30.79000, 0.08648
30.80000, 0.08648
30.81000, 0.08648
30.82000, 0.08648
30.83000, 0.08648
30.84000, 0.08648
30.85000, 0.08648
30.86000, 0.08648
30.87000, 0.08648
30.88000, 0.08648
30.89000, 0.08648
30.90000, 0.08648
30.91000, 0.08648
30.92000, 0.08648
30.93000, 0.08648
30.94000, 0.08648
30.95000, 0.08648
30.96000, 0.08648
30.97000, 0.08648
30.98000, 0.08648
30.99000, 0.08648
31.00000, 0.08648
31.01000, 0.08648
31.02000, 0.08648
31.03000, 0.08648
31.04000, 0.08648
31.05000, 0.08648
31.06000, 0.08648
31.07000, 0.08648
31.08000, 0.08648
31.09000, 0.08648
31.10000, 0.08648
31.11000, 0.08648
31.12000, 0.08648
31.13000, 0.08648
31.14000, 0.08648
31.15000, 0.08648
31.16000, 0.08648
31.17000, 0.08648
31.18000, 0.08648
31.19000, 0.08648
31.20000, 0.08647
31.21000, 0.08648
31.22000, 0.08648
31.23000, 0.08648
31.24000, 0.08648
31.25000, 0.08648
31.26000, 0.08648
31.27000, 0.08648
31.28000, 0.08648
31.29000, 0.08648
31.30000, 0.08648
31.31000, 0.08648
31.32000, 0.08648
31.33000, 0.08648
31.34000, 0.08648
31.35000, 0.08648
31.36000, 0.08649
31.37000, 0.08649
31.38000, 0.08649
31.39000, 0.08649
31.40000, 0.08649
31.41000, 0.08649
31.42000, 0.08649
31.43000, 0.08649
31.44000, 0.08649
31.45000, 0.08649
31.46000, 0.08649
31.47000, 0.08649
31.48000, 0.08649
31.49000, 0.08649
31.50000, 0.08649
31.51000, 0.08648
31.52000, 0.08648
31.53000, 0.08648
31.54000, 0.08648
31.55000, 0.08648
31.56000, 0.08648
31.57000, 0.08648
31.58000, 0.08646
31.59000, 0.08644
31.60000, 0.08646
31.61000, 0.08654
31.62000, 0.08661
31.63000, 0.08655
31.64000, 0.08625
31.65000, 0.08598
31.66000, 0.08620
31.67000, 0.08730
31.68000, 0.08834
31.69000, 0.08756
31.70000, 0.08356
31.71000, 0.07958
31.72000, 0.08220
31.73000, 0.09722
31.74000, 0.11849
31.75000, 0.13087
31.76000, 0.12085
31.77000, 0.10542
31.78000, 0.12629
31.79000, 0.22280
31.80000, 0.37830
31.81000, 0.52739
31.82000, 0.60652
31.83000, 0.62298
31.84000, 0.65025
31.85000, 0.72321
31.86000, 0.80468
31.87000, 0.90274
31.88000, 1.00766
31.89000, 1.10965
31.90000, 1.19897
31.91000, 1.28766
31.92000, 1.33644
31.93000, 1.34042
31.94000, 1.34063
31.95000, 1.34134
31.96000, 1.34227
31.97000, 1.34340
31.98000, 1.34473
31.99000, 1.34623
32.00000, 1.34791
32.01000, 1.34973
32.02000, 1.35171
32.03000, 1.35381
32.04000, 1.35604
32.05000, 1.35837
32.06000, 1.36080
32.07000, 1.36331
32.08000, 1.36589
32.09000, 1.36853
32.10000, 1.37123
32.11000, 1.37395
32.12000, 1.37670
32.13000, 1.37947
32.14000, 1.38223
32.15000, 1.38498
32.16000, 1.38770
32.17000, 1.39039
32.18000, 1.39303
32.19000, 1.39562
32.20000, 1.39812
32.21000, 1.40055
32.22000, 1.40288
32.23000, 1.40510
32.24000, 1.40720
32.25000, 1.40916
32.26000, 1.41099
32.27000, 1.41443
32.28000, 1.42154
32.29000, 1.41793
32.30000, 1.41205
32.31000, 1.41003
32.32000, 1.41095
32.33000, 1.41254
32.34000, 1.41312
32.35000, 1.41289
32.36000, 1.41245
32.37000, 1.41226
32.38000, 1.41231
32.39000, 1.41246
32.40000, 1.41260
32.41000, 1.41263
32.42000, 1.41247
32.43000, 1.41210
32.44000, 1.41192
32.45000, 1.41242
32.46000, 1.41373
32.47000, 1.41445
32.48000, 1.41272
32.49000, 1.40787
32.50000, 1.40503
32.51000, 1.41113
32.52000, 1.42908
32.53000, 1.44022
32.54000, 1.41869
32.55000, 1.39423
32.56000, 1.36806
32.57000, 1.33740
32.58000, 1.30353
32.59000, 1.26770
32.60000, 1.23117
32.61000, 1.19521
32.62000, 1.16110
32.63000, 1.13008
32.64000, 1.06940
32.65000, 1.02928
32.66000, 1.01114
32.67000, 1.00275
32.68000, 0.98150
32.69000, 0.91970
32.70000, 0.79508
32.71000, 0.63467
32.72000, 0.49156
32.73000, 0.41292
32.74000, 0.38528
32.75000, 0.36069
32.76000, 0.34016
32.77000, 0.33081
32.78000, 0.32042
32.79000, 0.30912
32.80000, 0.29702
32.81000, 0.28423
32.82000, 0.27088
32.83000, 0.25708
32.84000, 0.24295
32.85000, 0.22861
32.86000, 0.21417
32.87000, 0.19976
32.88000, 0.18549
32.89000, 0.17147
32.90000, 0.15784
32.91000, 0.14469
32.92000, 0.13216
32.93000, 0.12036
32.94000, 0.10941
32.95000, 0.09942
32.96000, 0.09051
32.97000, 0.06678
32.98000, 0.06043
32.99000, 0.07712
33.00000, 0.09156
33.01000, 0.09352
33.02000, 0.08913
33.03000, 0.08517
33.04000, 0.08457
33.05000, 0.08573
33.06000, 0.08681
33.07000, 0.08699
33.08000, 0.08669
33.09000, 0.08639
33.10000, 0.08634
33.11000, 0.08642
33.12000, 0.08650
33.13000, 0.08651
33.14000, 0.08649
33.15000, 0.08647
33.16000, 0.08647
33.17000, 0.08647
33.18000, 0.08648
33.19000, 0.08648
33.20000, 0.08648
33.21000, 0.08648
33.22000, 0.08648
33.23000, 0.08648
33.24000, 0.08648
33.25000, 0.08648
33.26000, 0.08648
33.27000, 0.08648
33.28000, 0.08648
33.29000, 0.08648
33.30000, 0.08648
33.31000, 0.08648
33.32000, 0.08648
33.33000, 0.08648
33.34000, 0.08648
33.35000, 0.08648
33.36000, 0.08648
33.37000, 0.08648
33.38000, 0.08648
33.39000, 0.08648
33.40000, 0.08648
33.41000, 0.08648
33.42000, 0.08648
33.43000, 0.08648
33.44000, 0.08648
33.45000, 0.08648
33.46000, 0.08648
33.47000, 0.08648
33.48000, 0.08648
33.49000, 0.08648
33.50000, 0.08648
33.51000, 0.08648
33.52000, 0.08648
33.53000, 0.08648
33.54000, 0.08648
33.55000, 0.08648
33.56000, 0.08648
33.57000, 0.08648
33.58000, 0.08648
33.59000, 0.08648
33.60000, 0.08648
33.61000, 0.08648
33.62000, 0.08648
33.63000, 0.08648
33.64000, 0.08648
33.65000, 0.08648
33.66000, 0.08648
33.67000, 0.08648
33.68000, 0.08648
33.69000, 0.08648
33.70000, 0.08648
33.71000, 0.08648
33.72000, 0.08648
33.73000, 0.08648
33.74000, 0.08648
33.75000, 0.08648
33.76000, 0.08648
33.77000, 0.08648
33.78000, 0.08648
33.79000, 0.08648
33.80000, 0.08648
33.81000, 0.08648
33.82000, 0.08648
33.83000, 0.08648
33.84000, 0.08648
33.85000, 0.08648
33.86000, 0.08648
33.87000, 0.08648
33.88000, 0.08648
33.89000, 0.08648
33.90000, 0.08648
33.91000, 0.08648
33.92000, 0.08648
33.93000, 0.08648
33.94000, 0.08648
33.95000, 0.08648
33.96000, 0.08648
33.97000, 0.08648
33.98000, 0.08648
33.99000, 0.08648
34.00000, 0.08648
34.01000, 0.08648
34.02000, 0.08648
34.03000, 0.08648
34.04000, 0.08648
34.05000, 0.08648
34.06000, 0.08648
34.07000, 0.08648
34.08000, 0.08648
34.09000, 0.08648
34.10000, 0.08648
34.11000, 0.08648
34.12000, 0.08648
34.13000, 0.08648
34.14000, 0.08648
34.15000, 0.08648
34.16000, 0.08648
34.17000, 0.08648
34.18000, 0.08648
34.19000, 0.08648
34.20000, 0.08648
34.21000, 0.08648
34.22000, 0.08648
34.23000, 0.08648
34.24000, 0.08648
34.25000, 0.08648
34.26000, 0.08648
34.27000, 0.08648
34.28000, 0.08648
34.29000, 0.08648
34.30000, 0.08648
34.31000, 0.08648
34.32000, 0.08648
34.33000, 0.08648
34.34000, 0.08648
34.35000, 0.08648
34.36000, 0.08648
34.37000, 0.08648
34.38000, 0.08648
34.39000, 0.08648
34.40000, 0.08648
34.41000, 0.08648
34.42000, 0.08648
34.43000, 0.08648
34.44000, 0.08648
34.45000, 0.08648
34.46000, 0.08648
34.47000, 0.08648
34.48000, 0.08648
34.49000, 0.08648
34.50000, 0.08648
34.51000, 0.08648
34.52000, 0.08648
34.53000, 0.08648
34.54000, 0.08648
34.55000, 0.08648
34.56000, 0.08648
34.57000, 0.08648
34.58000, 0.08648
34.59000, 0.08648
34.60000, 0.08648
34.61000, 0.08648
34.62000, 0.08648
34.63000, 0.08648
34.64000, 0.08648
34.65000, 0.08648
34.66000, 0.08648
34.67000, 0.08648
34.68000, 0.08648
34.69000, 0.08648
34.70000, 0.08648
34.71000, 0.08648
34.72000, 0.08648
34.73000, 0.08647
34.74000, 0.08647
34.75000, 0.08648
34.76000, 0.08649
34.77000, 0.08649
34.78000, 0.08648
34.79000, 0.08645
34.80000, 0.08643
34.81000, 0.08646
34.82000, 0.08659
34.83000, 0.08667
34.84000, 0.08654
34.85000, 0.08609
34.86000, 0.08575
34.87000, 0.08622
34.88000, 0.08657
34.89000, 0.08669
34.90000, 0.08681
34.91000, 0.08695
34.92000, 0.08708
34.93000, 0.08723
34.94000, 0.08737
34.95000, 0.08752
34.96000, 0.08767
34.97000, 0.08782
34.98000, 0.08796
34.99000, 0.08811
35.00000, 0.08824
35.01000, 0.08838
35.02000, 0.08851
35.03000, 0.08863
35.04000, 0.08874
35.05000, 0.08884
35.06000, 0.08893
35.07000, 0.08901
35.08000, 0.08907
35.09000, 0.08913
35.10000, 0.08916
35.11000, 0.08918
35.12000, 0.08918
35.13000, 0.08917
35.14000, 0.08913
35.15000, 0.08907
35.16000, 0.08899
35.17000, 0.08889
35.18000, 0.08876
35.19000, 0.08860
35.20000, 0.08842
35.21000, 0.08821
35.22000, 0.08797
35.23000, 0.08770
35.24000, 0.08740
35.25000, 0.08707
35.26000, 0.08670
35.27000, 0.08373
35.28000, 0.07736
35.29000, 0.07849
35.30000, 0.09624
35.31000, 0.12883
35.32000, 0.16075
35.33000, 0.17608
35.34000, 0.18069
35.35000, 0.21000
35.36000, 0.30078
35.37000, 0.45143
35.38000, 0.60440
35.39000, 0.69852
35.40000, 0.72231
35.41000, 0.74217
35.42000, 0.81042
35.43000, 0.88539
35.44000, 0.97825
35.45000, 1.07963
35.46000, 1.18016
35.47000, 1.27046
35.48000, 1.35487
35.49000, 1.41726
35.50000, 1.42251
35.51000, 1.41020
35.52000, 1.40646
35.53000, 1.40926
35.54000, 1.41300
35.55000, 1.41407
35.56000, 1.41335
35.57000, 1.41233
35.58000, 1.41203
35.59000, 1.41222
35.60000, 1.41246
35.61000, 1.41248
35.62000, 1.41250
35.63000, 1.41251
35.64000, 1.41252
35.65000, 1.41254
35.66000, 1.41255
35.67000, 1.41255
35.68000, 1.41256
35.69000, 1.41257
35.70000, 1.41257
35.71000, 1.41257
35.72000, 1.41258
35.73000, 1.41258
35.74000, 1.41258
35.75000, 1.41258
35.76000, 1.41258
35.77000, 1.41257
35.78000, 1.41257
35.79000, 1.41257
35.80000, 1.41256
35.81000, 1.41256
35.82000, 1.41255
35.83000, 1.41255
35.84000, 1.41254
35.85000, 1.41253
35.86000, 1.41253
35.87000, 1.41252
35.88000, 1.41251
35.89000, 1.41251
35.90000, 1.41250
35.91000, 1.41249
35.92000, 1.41249
35.93000, 1.41248
35.94000, 1.41247
35.95000, 1.41247
35.96000, 1.41246
35.97000, 1.41243
35.98000, 1.41244
35.99000, 1.41246
36.00000, 1.41247
36.01000, 1.41247
36.02000, 1.41246
36.03000, 1.41246
36.04000, 1.41245
36.05000, 1.41246
36.06000, 1.41248
36.07000, 1.41249
36.08000, 1.41247
36.09000, 1.41241
36.10000, 1.41236
36.11000, 1.41241
36.12000, 1.41296
36.13000, 1.41776
36.14000, 1.43265
36.15000, 1.46144
36.16000, 1.48237
36.17000, 1.45660
36.18000, 1.39195
36.19000, 1.32070
36.20000, 1.23784
36.21000, 1.15170
36.22000, 1.07063
36.23000, 1.00295
36.24000, 0.93965
36.25000, 0.91163
36.26000, 0.88213
36.27000, 0.78911
36.28000, 0.63443
36.29000, 0.47700
36.30000, 0.37533
36.31000, 0.33649
36.32000, 0.31828
36.33000, 0.27829
36.34000, 0.21732
36.35000, 0.18058
36.36000, 0.21359
36.37000, 0.31418
36.38000, 0.42761
36.39000, 0.49795
36.40000, 0.51986
36.41000, 0.54787
36.42000, 0.63859
36.43000, 0.79818
36.44000, 0.96853
36.45000, 1.08830
36.46000, 1.13658
36.47000, 1.14768
36.48000, 1.15954
36.49000, 1.19284
36.50000, 1.24293
36.51000, 1.28562
36.52000, 1.29449
36.53000, 1.30343
36.54000, 1.31241
36.55000, 1.32139
36.56000, 1.33033
36.57000, 1.33922
36.58000, 1.34800
36.59000, 1.35665
36.60000, 1.36513
36.61000, 1.37342
36.62000, 1.38147
36.63000, 1.38926
36.64000, 1.39674
36.65000, 1.40390
36.66000, 1.41068
36.67000, 1.41706
36.68000, 1.42301
36.69000, 1.42849
36.70000, 1.43347
36.71000, 1.43791
36.72000, 1.44453
36.73000, 1.45447
36.74000, 1.44906
36.75000, 1.44058
36.76000, 1.43776
36.77000, 1.43914
36.78000, 1.44143
36.79000, 1.44223
36.80000, 1.44188
36.81000, 1.44126
36.82000, 1.44103
36.83000, 1.44112
36.84000, 1.44129
36.85000, 1.44135
36.86000, 1.44133
36.87000, 1.44129
36.88000, 1.44127
36.89000, 1.44127
36.90000, 1.44129
36.91000, 1.44129
36.92000, 1.44129
36.93000, 1.44129
36.94000, 1.44129
36.95000, 1.44129
36.96000, 1.44129
36.97000, 1.44129
36.98000, 1.44129
36.99000, 1.44129
37.00000, 1.44129
37.01000, 1.44129
37.02000, 1.44129
37.03000, 1.44129
37.04000, 1.44129
37.05000, 1.44129
37.06000, 1.44129
37.07000, 1.44129
37.08000, 1.44129
37.09000, 1.44129
37.10000, 1.44129
37.11000, 1.44129
37.12000, 1.44129
37.13000, 1.44129
37.14000, 1.44129
37.15000, 1.44129
37.16000, 1.44129
37.17000, 1.44129
37.18000, 1.44129
37.19000, 1.44129
37.20000, 1.44129
37.21000, 1.44129
37.22000, 1.44129
37.23000, 1.44129
37.24000, 1.44129
37.25000, 1.44129
37.26000, 1.44129
37.27000, 1.44129
37.28000, 1.44129
37.29000, 1.44129
37.30000, 1.44129
37.31000, 1.44129
37.32000, 1.44129
37.33000, 1.44129
37.34000, 1.44129
37.35000, 1.44129
37.36000, 1.44129
37.37000, 1.44129
37.38000, 1.44129
37.39000, 1.44129
37.40000, 1.44129
37.41000, 1.44129
37.42000, 1.44129
37.43000, 1.44129
37.44000, 1.44129
37.45000, 1.44129
37.46000, 1.44129
37.47000, 1.44129
37.48000, 1.44129
37.49000, 1.44129
37.50000, 1.44129
37.51000, 1.44129
37.52000, 1.44129
37.53000, 1.44129
37.54000, 1.44129
37.55000, 1.44129
37.56000, 1.44129
37.57000, 1.44129
37.58000, 1.44129
37.59000, 1.44129
37.60000, 1.44129
37.61000, 1.44129
37.62000, 1.44129
37.63000, 1.44129
37.64000, 1.44129
37.65000, 1.44129
37.66000, 1.44129
37.67000, 1.44129
37.68000, 1.44129
37.69000, 1.44129
37.70000, 1.44129
37.71000, 1.44129
37.72000, 1.44129
37.73000, 1.44129
37.74000, 1.44129
37.75000, 1.44129
37.76000, 1.44129
37.77000, 1.44129
37.78000, 1.44129
37.79000, 1.44129
37.80000, 1.44129
37.81000, 1.44129
37.82000, 1.44129
37.83000, 1.44129
37.84000, 1.44129
37.85000, 1.44129
37.86000, 1.44129
37.87000, 1.44129
37.88000, 1.44129
37.89000, 1.44129
37.90000, 1.44129
37.91000, 1.44129
37.92000, 1.44129
37.93000, 1.44129
37.94000, 1.44129
37.95000, 1.44129
37.96000, 1.44129
37.97000, 1.44129
37.98000, 1.44129
37.99000, 1.44129
38.00000, 1.44128
38.01000, 1.44128
38.02000, 1.44129
38.03000, 1.44131
38.04000, 1.44132
38.05000, 1.44129
38.06000, 1.44122
38.07000, 1.44117
38.08000, 1.44127
38.09000, 1.44155
38.10000, 1.44171
38.11000, 1.44137
38.12000, 1.44035
38.13000, 1.43970
38.14000, 1.44090
38.15000, 1.44467
38.16000, 1.44720
38.17000, 1.44299
38.18000, 1.42847
38.19000, 1.41279
38.20000, 1.41026
38.21000, 1.43021
38.22000, 1.44594
38.23000, 1.41508
38.24000, 1.30379
38.25000, 1.14530
38.26000, 1.00444
38.27000, 0.93691
38.28000, 0.91863
38.29000, 0.88503
38.30000, 0.77933
38.31000, 0.62022
38.32000, 0.46770
38.33000, 0.37643
38.34000, 0.34201
38.35000, 0.32532
38.36000, 0.29032
38.37000, 0.24071
38.38000, 0.20537
38.39000, 0.20195
38.40000, 0.20335
38.41000, 0.20602
38.42000, 0.20981
38.43000, 0.21457
38.44000, 0.22017
38.45000, 0.22646
38.46000, 0.23330
38.47000, 0.24055
38.48000, 0.24807
38.49000, 0.25571
38.50000, 0.26333
38.51000, 0.27079
38.52000, 0.27795
38.53000, 0.28467
38.54000, 0.29079
38.55000, 0.29619
38.56000, 0.30072
38.57000, 0.30921
38.58000, 0.31801
38.59000, 0.36182
38.60000, 0.45080
38.61000, 0.53842
38.62000, 0.63973
38.63000, 0.74490
38.64000, 0.84409
38.65000, 0.92748
38.66000, 1.00071
38.67000, 1.03068
38.68000, 1.03916
38.69000, 1.08142
38.70000, 1.13488
38.71000, 1.20230
38.72000, 1.27575
38.73000, 1.34730
38.74000, 1.40904
38.75000, 1.46267
38.76000, 1.48206
38.77000, 1.46030
38.78000, 1.43604
38.79000, 1.43076
38.80000, 1.43645
38.81000, 1.44227
38.82000, 1.44248
38.83000, 1.44084
38.84000, 1.44209
38.85000, 1.44697
38.86000, 1.44822
38.87000, 1.43765
38.88000, 1.41404
38.89000, 1.39105
38.90000, 1.38427
38.91000, 1.39351
38.92000, 1.38213
38.93000, 1.30840
38.94000, 1.15868
38.95000, 0.98952
38.96000, 0.86826
38.97000, 0.82952
38.98000, 0.81938
38.99000, 0.76910
39.00000, 0.63767
39.01000, 0.46518
39.02000, 0.30645
39.03000, 0.20600
39.04000, 0.17555
39.05000, 0.21826
39.06000, 0.26807
39.07000, 0.33084
39.08000, 0.39982
39.09000, 0.46824
39.10000, 0.52935
39.11000, 0.57639
39.12000, 0.61983
39.13000, 0.63803
39.14000, 0.68914
39.15000, 0.81382
39.16000, 0.97583
39.17000, 1.11785
39.18000, 1.19529
39.19000, 1.22403
39.20000, 1.23793
39.21000, 1.26530
39.22000, 1.30583
39.23000, 1.35006
39.24000, 1.35894
39.25000, 1.36351
39.26000, 1.36799
39.27000, 1.37238
39.28000, 1.37667
39.29000, 1.38086
39.30000, 1.38495
39.31000, 1.38893
39.32000, 1.39281
39.33000, 1.39658
39.34000, 1.40023
39.35000, 1.40376
39.36000, 1.40718
39.37000, 1.41048
39.38000, 1.41364
39.39000, 1.41668
39.40000, 1.41959
39.41000, 1.42237
39.42000, 1.42501
39.43000, 1.42750
39.44000, 1.42986
39.45000, 1.43207
39.46000, 1.43413
39.47000, 1.43603
39.48000, 1.43779
39.49000, 1.43938
39.50000, 1.44082
39.51000, 1.44628
39.52000, 1.44656
39.53000, 1.44269
39.54000, 1.43998
39.55000, 1.43985
39.56000, 1.44088
39.57000, 1.44163
39.58000, 1.44168
39.59000, 1.44141
39.60000, 1.44119
39.61000, 1.44115
39.62000, 1.44123
39.63000, 1.44135
39.64000, 1.44143
39.65000, 1.44138
39.66000, 1.44114
39.67000, 1.44087
39.68000, 1.44096
39.69000, 1.44179
39.70000, 1.44282
39.71000, 1.44254
39.72000, 1.43953
39.73000, 1.43564
39.74000, 1.43647
39.75000, 1.44742
39.76000, 1.46210
39.77000, 1.45977
39.78000, 1.43752
39.79000, 1.42677
39.80000, 1.41426
39.81000, 1.40023
39.82000, 1.38488
39.83000, 1.36844
39.84000, 1.35113
39.85000, 1.33317
39.86000, 1.31477
39.87000, 1.29616
39.88000, 1.27756
39.89000, 1.25918
39.90000, 1.24125
39.91000, 1.22399
39.92000, 1.20761
39.93000, 1.17748
39.94000, 1.12434
39.95000, 1.09370
39.96000, 1.07825
39.97000, 1.06478
39.98000, 1.02820
39.99000, 0.94214
40.00000, 0.80173
40.01000, 0.64869
40.02000, 0.53073
40.03000, 0.47333
40.04000, 0.45016
40.05000, 0.42753
40.06000, 0.38589
40.07000, 0.34135
40.08000, 0.31554
40.09000, 0.32048
40.10000, 0.34204
40.11000, 0.36172
40.12000, 0.37265
40.13000, 0.40230
40.14000, 0.48442
40.15000, 0.63328
40.16000, 0.80084
40.17000, 0.92666
40.18000, 0.97433
40.19000, 0.99046
40.20000, 1.03864
40.21000, 1.09229
40.22000, 1.16185
40.23000, 1.23935
40.24000, 1.31683
40.25000, 1.38633
40.26000, 1.43989
40.27000, 1.48373
40.28000, 1.47160
40.29000, 1.44267
40.30000, 1.43033
40.31000, 1.43352
40.32000, 1.44083
40.33000, 1.44296
40.34000, 1.44137
40.35000, 1.44103
40.36000, 1.44532
40.37000, 1.44889
40.38000, 1.44330
40.39000, 1.42271
40.40000, 1.39738
40.41000, 1.38364
40.42000, 1.39233
40.43000, 1.39725
40.44000, 1.35705
40.45000, 1.23959
40.46000, 1.08000
40.47000, 0.94320
40.48000, 0.88346
40.49000, 0.86959
40.50000, 0.82961
40.51000, 0.76054
40.52000, 0.67921
40.53000, 0.58367
40.54000, 0.48242
40.55000, 0.38396
40.56000, 0.29679
40.57000, 0.26623
40.58000, 0.25573
40.59000, 0.24574
40.60000, 0.23624
40.61000, 0.22723
40.62000, 0.21868
40.63000, 0.21059
40.64000, 0.20294
40.65000, 0.19573
40.66000, 0.18893
40.67000, 0.18253
40.68000, 0.17653
40.69000, 0.17091
40.70000, 0.16565
40.71000, 0.16075
40.72000, 0.15618
40.73000, 0.15194
40.74000, 0.14802
40.75000, 0.14440
40.76000, 0.14107
40.77000, 0.13801
40.78000, 0.13522
40.79000, 0.13267
40.80000, 0.13037
40.81000, 0.12828
40.82000, 0.12641
40.83000, 0.12474
40.84000, 0.12326
40.85000, 0.12194
40.86000, 0.12079
40.87000, 0.11978
40.88000, 0.11891
40.89000, 0.11816
40.90000, 0.11752
40.91000, 0.11697
40.92000, 0.11650
40.93000, 0.11611
40.94000, 0.11577
40.95000, 0.11548
40.96000, 0.11436
40.97000, 0.11361
40.98000, 0.11453
40.99000, 0.11554
41.00000, 0.11576
41.01000, 0.11552
41.02000, 0.11524
41.03000, 0.11518
41.04000, 0.11524
41.05000, 0.11532
41.06000, 0.11534
41.07000, 0.11532
41.08000, 0.11530
41.09000, 0.11529
41.10000, 0.11530
41.11000, 0.11530
41.12000, 0.11531
41.13000, 0.11530
41.14000, 0.11530
41.15000, 0.11530
41.16000, 0.11530
41.17000, 0.11530
41.18000, 0.11530
41.19000, 0.11530
41.20000, 0.11530
41.21000, 0.11530
41.22000, 0.11530
41.23000, 0.11530
41.24000, 0.11530
41.25000, 0.11530
41.26000, 0.11530
41.27000, 0.11530
41.28000, 0.11530
41.29000, 0.11530
41.30000, 0.11530
41.31000, 0.11530
41.32000, 0.11530
41.33000, 0.11530
41.34000, 0.11530
41.35000, 0.11530
41.36000, 0.11530
41.37000, 0.11530
41.38000, 0.11530
41.39000, 0.11530
41.40000, 0.11530
41.41000, 0.11530
41.42000, 0.11530
41.43000, 0.11530
41.44000, 0.11530
41.45000, 0.11530
41.46000, 0.11530
41.47000, 0.11530
41.48000, 0.11530
41.49000, 0.11530
41.50000, 0.11530
41.51000, 0.11530
41.52000, 0.11530
41.53000, 0.11530
41.54000, 0.11530
41.55000, 0.11530
41.56000, 0.11530
41.57000, 0.11530
41.58000, 0.11530
41.59000, 0.11530
41.60000, 0.11530
41.61000, 0.11530
41.62000, 0.11530
41.63000, 0.11530
41.64000, 0.11530
41.65000, 0.11530
41.66000, 0.11530
41.67000, 0.11531
41.68000, 0.11530
41.69000, 0.11530
41.70000, 0.11529
41.71000, 0.11530
41.72000, 0.11532
41.73000, 0.11534
41.74000, 0.11532
41.75000, 0.11525
41.76000, 0.11518
41.77000, 0.11523
41.78000, 0.11549
41.79000, 0.11576
41.80000, 0.11560
41.81000, 0.11464
41.82000, 0.11361
41.83000, 0.11414
41.84000, 0.11766
41.85000, 0.12157
41.86000, 0.11982
41.87000, 0.10697
41.88000, 0.09214
41.89000, 0.09780
41.90000, 0.11843
41.91000, 0.12525
41.92000, 0.13283
41.93000, 0.14108
41.94000, 0.14994
41.95000, 0.15935
41.96000, 0.16923
41.97000, 0.17951
41.98000, 0.19012
41.99000, 0.20099
42.00000, 0.21205
42.01000, 0.22324
42.02000, 0.23447
42.03000, 0.24568
42.04000, 0.25681
42.05000, 0.26777
42.06000, 0.27850
42.07000, 0.28894
42.08000, 0.29900
42.09000, 0.30862
42.10000, 0.31773
42.11000, 0.32626
42.12000, 0.33413
42.13000, 0.34129
42.14000, 0.35810
42.15000, 0.38134
42.16000, 0.40982
42.17000, 0.48914
42.18000, 0.63271
42.19000, 0.79309
42.20000, 0.91629
42.21000, 0.97408
42.22000, 0.99057
42.23000, 0.99624
42.24000, 1.01571
42.25000, 1.06084
42.26000, 1.13281
42.27000, 1.18615
42.28000, 1.24510
42.29000, 1.30506
42.30000, 1.36140
42.31000, 1.40953
42.32000, 1.44815
42.33000, 1.47169
42.34000, 1.45952
42.35000, 1.43981
42.36000, 1.43293
42.37000, 1.43596
42.38000, 1.44162
42.39000, 1.44432
42.40000, 1.44386
42.41000, 1.44113
42.42000, 1.43755
42.43000, 1.43642
42.44000, 1.44144
42.45000, 1.45073
42.46000, 1.44116
42.47000, 1.38458
42.48000, 1.26487
42.49000, 1.11583
42.50000, 0.98407
42.51000, 0.90616
42.52000, 0.87353
42.53000, 0.86500
42.54000, 0.85895
42.55000, 0.83177
42.56000, 0.75924
42.57000, 0.62635
42.58000, 0.46662
42.59000, 0.32954
42.60000, 0.25480
42.61000, 0.22583
42.62000, 0.20608
42.63000, 0.16634
42.64000, 0.12338
42.65000, 0.11163
42.66000, 0.12076
42.67000, 0.12975
42.68000, 0.14108
42.69000, 0.15446
42.70000, 0.16961
42.71000, 0.18625
42.72000, 0.20408
42.73000, 0.22282
42.74000, 0.24218
42.75000, 0.26187
42.76000, 0.28161
42.77000, 0.30112
42.78000, 0.32009
42.79000, 0.33826
42.80000, 0.35532
42.81000, 0.40726
42.82000, 0.45012
42.83000, 0.47160
42.84000, 0.48177
42.85000, 0.50103
42.86000, 0.55654
42.87000, 0.67209
42.88000, 0.82680
42.89000, 0.96854
42.90000, 1.04859
42.91000, 1.07561
42.92000, 1.10133
42.93000, 1.13270
42.94000, 1.14936
42.95000, 1.16834
42.96000, 1.18925
42.97000, 1.21168
42.98000, 1.23524
42.99000, 1.25955
43.00000, 1.28421
43.01000, 1.30882
43.02000, 1.33300
43.03000, 1.35634
43.04000, 1.37847
43.05000, 1.39898
43.06000, 1.41747
43.07000, 1.43357
43.08000, 1.46367
43.09000, 1.47359
43.10000, 1.45386
43.11000, 1.43556
43.12000, 1.43257
43.13000, 1.43775
43.14000, 1.44274
43.15000, 1.44359
43.16000, 1.44224
43.17000, 1.44096
43.18000, 1.44083
43.19000, 1.44118
43.20000, 1.44122
43.21000, 1.44079
43.22000, 1.44070
43.23000, 1.44181
43.24000, 1.44369
43.25000, 1.44381
43.26000, 1.43946
43.27000, 1.43229
43.28000, 1.43162
43.29000, 1.44740
43.30000, 1.47328
43.31000, 1.47197
43.32000, 1.40293
43.33000, 1.25878
43.34000, 1.09998
43.35000, 0.99508
43.36000, 0.97068
43.37000, 0.96074
43.38000, 0.89796
43.39000, 0.82487
43.40000, 0.73136
43.41000, 0.62741
43.42000, 0.52296
43.43000, 0.42799
43.44000, 0.34496
43.45000, 0.27124
43.46000, 0.25392
43.47000, 0.24482
43.48000, 0.24252
43.49000, 0.23986
43.50000, 0.23686
43.51000, 0.23355
43.52000, 0.22994
43.53000, 0.22606
43.54000, 0.22194
43.55000, 0.21761
43.56000, 0.21307
43.57000, 0.20837
43.58000, 0.20352
43.59000, 0.19855
43.60000, 0.19348
43.61000, 0.18834
43.62000, 0.18315
43.63000, 0.17793
43.64000, 0.17271
43.65000, 0.16751
43.66000, 0.16237
43.67000, 0.15729
43.68000, 0.15231
43.69000, 0.14745
43.70000, 0.14273
43.71000, 0.13819
43.72000, 0.13383
43.73000, 0.12969
43.74000, 0.12580
43.75000, 0.12217
43.76000, 0.11883
43.77000, 0.11580
43.78000, 0.10238
43.79000, 0.10540
43.80000, 0.11421
43.81000, 0.11513
43.82000, 0.10869
43.83000, 0.10180
43.84000, 0.10068
43.85000, 0.10543
43.86000, 0.11318
43.87000, 0.12113
43.88000, 0.12723
43.89000, 0.12984
43.90000, 0.12762
43.91000, 0.12212
43.92000, 0.11655
43.93000, 0.11384
43.94000, 0.11395
43.95000, 0.11504
43.96000, 0.11539
43.97000, 0.11499
43.98000, 0.11498
43.99000, 0.11636
44.00000, 0.11793
44.01000, 0.11697
44.02000, 0.11120
44.03000, 0.10518
44.04000, 0.10865
44.05000, 0.11667
44.06000, 0.11926
44.07000, 0.12211
44.08000, 0.12523
44.09000, 0.12859
44.10000, 0.13219
44.11000, 0.13601
44.12000, 0.14004
44.13000, 0.14427
44.14000, 0.14870
44.15000, 0.15329
44.16000, 0.15806
44.17000, 0.16297
44.18000, 0.16803
44.19000, 0.17321
44.20000, 0.17852
44.21000, 0.18392
44.22000, 0.18943
44.23000, 0.19501
44.24000, 0.20066
44.25000, 0.20637
44.26000, 0.21213
44.27000, 0.21792
44.28000, 0.22373
44.29000, 0.22955
44.30000, 0.23537
44.31000, 0.24118
44.32000, 0.26234
44.33000, 0.30957
44.34000, 0.34550
44.35000, 0.36388
44.36000, 0.37411
44.37000, 0.41134
44.38000, 0.51273
44.39000, 0.67973
44.40000, 0.85031
44.41000, 0.95632
44.42000, 0.97579
44.43000, 0.97508
44.44000, 1.03018
44.45000, 1.17210
44.46000, 1.33904
44.47000, 1.45796
44.48000, 1.48923
44.49000, 1.46749
44.50000, 1.43735
44.51000, 1.42835
44.52000, 1.43393
44.53000, 1.44222
44.54000, 1.44503
44.55000, 1.44367
44.56000, 1.44099
44.57000, 1.43927
44.58000, 1.43930
44.59000, 1.44161
44.60000, 1.44554
44.61000, 1.44682
44.62000, 1.44054
44.63000, 1.42538
44.64000, 1.41186
44.65000, 1.41293
44.66000, 1.43155
44.67000, 1.43497
44.68000, 1.38254
44.69000, 1.25190
44.70000, 1.09153
44.71000, 0.96695
44.72000, 0.92183
44.73000, 0.90832
44.74000, 0.85461
44.75000, 0.78927
44.76000, 0.70514
44.77000, 0.60836
44.78000, 0.50715
44.79000, 0.40975
44.80000, 0.32439
44.81000, 0.21533
44.82000, 0.17333
44.83000, 0.19517
44.84000, 0.26805
44.85000, 0.36713
44.86000, 0.46322
44.87000, 0.53100
44.88000, 0.56990
44.89000, 0.58893
44.90000, 0.59885
44.91000, 0.62202
44.92000, 0.68570
44.93000, 0.81075
44.94000, 0.96964
44.95000, 1.11289
44.96000, 1.19720
44.97000, 1.23100
44.98000, 1.24806
44.99000, 1.25727
45.00000, 1.26238
45.01000, 1.26810
45.02000, 1.27435
45.03000, 1.28107
45.04000, 1.28820
45.05000, 1.29567
45.06000, 1.30341
45.07000, 1.31135
45.08000, 1.31942
45.09000, 1.32757
45.10000, 1.33572
45.11000, 1.34381
45.12000, 1.35176
45.13000, 1.35951
45.14000, 1.36701
45.15000, 1.37416
45.16000, 1.38092
45.17000, 1.40170
45.18000, 1.40240
45.19000, 1.33942
45.20000, 1.23792
45.21000, 1.14137
45.22000, 1.03344
45.23000, 0.92385
45.24000, 0.82233
45.25000, 0.73857
45.26000, 0.66437
45.27000, 0.63769
45.28000, 0.62193
45.29000, 0.54050
45.30000, 0.38577
45.31000, 0.22479
45.32000, 0.12663
45.33000, 0.10921
45.34000, 0.13106
45.35000, 0.14807
45.36000, 0.14157
45.37000, 0.12451
45.38000, 0.11167
45.39000, 0.10939
45.40000, 0.11278
45.41000, 0.11623
45.42000, 0.11690
45.43000, 0.11601
45.44000, 0.11507
45.45000, 0.11487
45.46000, 0.11511
45.47000, 0.11536
45.48000, 0.11542
45.49000, 0.11536
45.50000, 0.11529
45.51000, 0.11527
45.52000, 0.11529
45.53000, 0.11531
45.54000, 0.11531
45.55000, 0.11531
45.56000, 0.11530
45.57000, 0.11530
45.58000, 0.11530
45.59000, 0.11530
45.60000, 0.11530
45.61000, 0.11530
45.62000, 0.11530
45.63000, 0.11530
45.64000, 0.11530
45.65000, 0.11530
45.66000, 0.11530
45.67000, 0.11530
45.68000, 0.11530
45.69000, 0.11530
45.70000, 0.11530
45.71000, 0.11530
45.72000, 0.11530
45.73000, 0.11530
45.74000, 0.11530
45.75000, 0.11530
45.76000, 0.11530
45.77000, 0.11530
45.78000, 0.11530
45.79000, 0.11530
45.80000, 0.11530
45.81000, 0.11530
45.82000, 0.11530
45.83000, 0.11530
45.84000, 0.11530
45.85000, 0.11530
45.86000, 0.11530
45.87000, 0.11530
45.88000, 0.11530
45.89000, 0.11530
45.90000, 0.11530
45.91000, 0.11530
45.92000, 0.11530
45.93000, 0.11530
45.94000, 0.11530
45.95000, 0.11530
45.96000, 0.11530
45.97000, 0.11531
45.98000, 0.11530
45.99000, 0.11530
46.00000, 0.11529
46.01000, 0.11530
46.02000, 0.11532
46.03000, 0.11534
46.04000, 0.11532
46.05000, 0.11523
46.06000, 0.11516
46.07000, 0.11525
46.08000, 0.11557
46.09000, 0.11583
46.10000, 0.11553
46.11000, 0.11435
46.12000, 0.11336
46.13000, 0.11438
46.14000, 0.11871
46.15000, 0.12252
46.16000, 0.11902
46.17000, 0.10310
46.18000, 0.08849
46.19000, 0.10049
46.20000, 0.12148
46.21000, 0.13215
46.22000, 0.14419
46.23000, 0.15740
46.24000, 0.17159
46.25000, 0.18657
46.26000, 0.20212
46.27000, 0.21808
46.28000, 0.23422
46.29000, 0.25038
46.30000, 0.26634
46.31000, 0.28191
46.32000, 0.29691
46.33000, 0.31112
46.34000, 0.32437
46.35000, 0.33645
46.36000, 0.34718
46.37000, 0.35634
46.38000, 0.37544
46.39000, 0.38687
46.40000, 0.42405
46.41000, 0.50819
46.42000, 0.59519
46.43000, 0.69757
46.44000, 0.80531
46.45000, 0.90837
46.46000, 0.99675
46.47000, 1.07885
46.48000, 1.12013
46.49000, 1.13197
46.50000, 1.15857
46.51000, 1.17591
46.52000, 1.19700
46.53000, 1.22105
46.54000, 1.24732
46.55000, 1.27503
46.56000, 1.30343
46.57000, 1.33174
46.58000, 1.35922
46.59000, 1.38509
46.60000, 1.40859
46.61000, 1.42896
46.62000, 1.45592
46.63000, 1.47300
46.64000, 1.45703
46.65000, 1.43769
46.66000, 1.43276
46.67000, 1.43690
46.68000, 1.44216
46.69000, 1.44359
46.70000, 1.44252
46.71000, 1.44107
46.72000, 1.44064
46.73000, 1.44091
46.74000, 1.44135
46.75000, 1.44158
46.76000, 1.44154
46.77000, 1.44123
46.78000, 1.44077
46.79000, 1.44066
46.80000, 1.44144
46.81000, 1.44302
46.82000, 1.44355
46.83000, 1.44087
46.84000, 1.43501
46.85000, 1.43280
46.86000, 1.44236
46.87000, 1.46415
46.88000, 1.47316
46.89000, 1.44093
46.90000, 1.42936
46.91000, 1.41600
46.92000, 1.40109
46.93000, 1.38483
46.94000, 1.36746
46.95000, 1.34918
46.96000, 1.33023
46.97000, 1.31082
46.98000, 1.29117
46.99000, 1.27150
47.00000, 1.25203
47.01000, 1.23299
47.02000, 1.21460
47.03000, 1.19707
47.04000, 1.18062
47.05000, 1.16548
47.06000, 1.15187
47.07000, 1.14000
47.08000, 1.10416
47.09000, 1.08544
47.10000, 1.03702
47.11000, 0.91583
47.12000, 0.75059
47.13000, 0.59841
47.14000, 0.50845
47.15000, 0.47371
47.16000, 0.46323
47.17000, 0.44814
47.18000, 0.41609
47.19000, 0.36233
47.20000, 0.33159
47.21000, 0.31161
47.22000, 0.29059
47.23000, 0.26893
47.24000, 0.24701
47.25000, 0.22523
47.26000, 0.20396
47.27000, 0.18361
47.28000, 0.16456
47.29000, 0.14719
47.30000, 0.13191
47.31000, 0.11909
47.32000, 0.09725
47.33000, 0.09650
47.34000, 0.11042
47.35000, 0.12002
47.36000, 0.12039
47.37000, 0.11671
47.38000, 0.11410
47.39000, 0.11399
47.40000, 0.11494
47.41000, 0.11552
47.42000, 0.11540
47.43000, 0.11523
47.44000, 0.11559
47.45000, 0.11622
47.46000, 0.11602
47.47000, 0.11400
47.48000, 0.11157
47.49000, 0.11242
47.50000, 0.12001
47.51000, 0.13090
47.52000, 0.13453
47.53000, 0.12082
47.54000, 0.10140
47.55000, 0.11164
47.56000, 0.18691
47.57000, 0.32392
47.58000, 0.47395
47.59000, 0.58653
47.60000, 0.64219
47.61000, 0.66058
47.62000, 0.66391
47.63000, 0.67552
47.64000, 0.72030
47.65000, 0.82271
47.66000, 0.97803
47.67000, 1.13910
47.68000, 1.25587
47.69000, 1.30931
47.70000, 1.32888
47.71000, 1.34107
47.72000, 1.34344
47.73000, 1.34603
47.74000, 1.34881
47.75000, 1.35177
47.76000, 1.35490
47.77000, 1.35818
47.78000, 1.36159
47.79000, 1.36512
47.80000, 1.36876
47.81000, 1.37248
47.82000, 1.37628
47.83000, 1.38013
47.84000, 1.38402
47.85000, 1.38794
47.86000, 1.39187
47.87000, 1.39579
47.88000, 1.39969
47.89000, 1.40355
47.90000, 1.40737
47.91000, 1.41111
47.92000, 1.41477
47.93000, 1.41833
47.94000, 1.42177
47.95000, 1.42509
47.96000, 1.42825
47.97000, 1.43126
47.98000, 1.43409
47.99000, 1.43672
48.00000, 1.43915
48.01000, 1.44194
48.02000, 1.45198
48.03000, 1.44841
48.04000, 1.44126
48.05000, 1.43840
48.06000, 1.43928
48.07000, 1.44125
48.08000, 1.44218
48.09000, 1.44203
48.10000, 1.44133
48.11000, 1.44061
48.12000, 1.44038
48.13000, 1.44117
48.14000, 1.44307
48.15000, 1.44415
48.16000, 1.44183
48.17000, 1.43500
48.18000, 1.43072
48.19000, 1.43880
48.20000, 1.46329
48.21000, 1.47391
48.22000, 1.42777
48.23000, 1.35966
48.24000, 1.27980
48.25000, 1.18977
48.26000, 1.09851
48.27000, 1.01496
48.28000, 0.94805
48.29000, 0.88660
48.30000, 0.86857
48.31000, 0.83820
48.32000, 0.73642
48.33000, 0.58242
48.34000, 0.43448
48.35000, 0.34482
48.36000, 0.30713
48.37000, 0.28360
48.38000, 0.24037
48.39000, 0.18680
48.40000, 0.15725
48.41000, 0.16064
48.42000, 0.16523
48.43000, 0.17146
48.44000, 0.17917
48.45000, 0.18815
48.46000, 0.19825
48.47000, 0.20929
48.48000, 0.22108
48.49000, 0.23345
48.50000, 0.24622
48.51000, 0.25922
48.52000, 0.27227
48.53000, 0.28519
48.54000, 0.29781
48.55000, 0.30994
48.56000, 0.32141
48.57000, 0.33205
48.58000, 0.34167
48.59000, 0.36695
48.60000, 0.39355
48.61000, 0.43540
48.62000, 0.53108
48.63000, 0.67732
48.64000, 0.82782
48.65000, 0.93556
48.66000, 0.98678
48.67000, 1.00441
48.68000, 1.01314
48.69000, 1.03308
48.70000, 1.07898
48.71000, 1.14357
48.72000, 1.19751
48.73000, 1.25683
48.74000, 1.31669
48.75000, 1.37220
48.76000, 1.41853
48.77000, 1.45847
48.78000, 1.47152
48.79000, 1.45482
48.80000, 1.43696
48.81000, 1.43314
48.82000, 1.43750
48.83000, 1.44237
48.84000, 1.44348
48.85000, 1.44234
48.86000, 1.44102
48.87000, 1.44070
48.88000, 1.44100
48.89000, 1.44135
48.90000, 1.44143
48.91000, 1.44135
48.92000, 1.44128
48.93000, 1.44132
48.94000, 1.44135
48.95000, 1.44125
48.96000, 1.44102
48.97000, 1.44096
48.98000, 1.44141
48.99000, 1.44230
49.00000, 1.44254
49.01000, 1.44091
49.02000, 1.43758
49.03000, 1.43655
49.04000, 1.44241
49.05000, 1.45481
49.06000, 1.45912
49.07000, 1.44078
49.08000, 1.43416
49.09000, 1.42650
49.10000, 1.41790
49.11000, 1.40846
49.12000, 1.39826
49.13000, 1.38740
49.14000, 1.37598
49.15000, 1.36409
49.16000, 1.35183
49.17000, 1.33929
49.18000, 1.32657
49.19000, 1.31376
49.20000, 1.30096
49.21000, 1.28826
49.22000, 1.27576
49.23000, 1.26355
49.24000, 1.25172
49.25000, 1.24038
49.26000, 1.18719
49.27000, 1.14832
49.28000, 1.12575
49.29000, 1.11380
49.30000, 1.08917
49.31000, 1.02254
49.32000, 0.89363
49.33000, 0.73661
49.34000, 0.60582
49.35000, 0.54464
49.36000, 0.52466
49.37000, 0.48877
49.38000, 0.45820
49.39000, 0.43270
49.40000, 0.40355
49.41000, 0.37161
49.42000, 0.33777
49.43000, 0.30290
49.44000, 0.26788
49.45000, 0.23357
49.46000, 0.20087
49.47000, 0.17063
49.48000, 0.14374
49.49000, 0.12107
49.50000, 0.08173
49.51000, 0.08252
49.52000, 0.10783
49.53000, 0.12412
49.54000, 0.12422
49.55000, 0.11749
49.56000, 0.11299
49.57000, 0.11288
49.58000, 0.11467
49.59000, 0.11591
49.60000, 0.11596
49.61000, 0.11549
49.62000, 0.11514
