0.15000, 11.74253
0.16000, 11.48729
0.17000, 11.18952
0.18000, 10.87743
0.19000, 10.57496
0.20000, 10.28527
0.21000, 10.00520
0.22000, 9.73076
0.23000, 9.45391
0.24000, 9.16531
0.25000, 8.85958
0.26000, 8.55195
0.27000, 8.26435
0.28000, 8.01553
0.29000, 7.80713
0.30000, 7.63506
0.31000, 7.49503
0.32000, 7.38187
0.33000, 7.29010
0.34000, 7.21430
0.35000, 7.14943
0.36000, 7.09060
0.37000, 7.03350
0.38000, 6.97716
0.39000, 6.92186
0.40000, 6.86760
0.41000, 6.81261
0.42000, 6.75446
0.43000, 6.69129
0.44000, 6.62491
0.45000, 6.55863
0.46000, 6.49556
0.47000, 6.43781
0.48000, 6.38703
0.49000, 6.34439
0.50000, 6.30758
0.51000, 6.27285
0.52000, 6.23685
0.53000, 6.19929
0.54000, 6.16116
0.55000, 6.12336
0.56000, 6.08598
0.57000, 6.04876
0.58000, 6.01145
0.59000, 5.97402
0.60000, 5.93656
0.61000, 5.89912
0.62000, 5.86171
0.63000, 5.82430
0.64000, 5.78689
0.65000, 5.74947
0.66000, 5.71206
0.67000, 5.67467
0.68000, 5.63728
0.69000, 5.59984
0.70000, 5.56232
0.71000, 5.52482
0.72000, 5.48750
0.73000, 5.45048
0.74000, 5.41339
0.75000, 5.37563
0.76000, 5.33678
0.77000, 5.29813
0.78000, 5.26196
0.79000, 5.23026
0.80000, 5.20229
0.81000, 5.17581
0.82000, 5.14870
0.83000, 5.12058
0.84000, 5.09213
0.85000, 5.06396
0.86000, 5.03604
0.87000, 5.00797
0.88000, 4.97941
0.89000, 4.95082
0.90000, 4.92317
0.91000, 4.89722
0.92000, 4.87114
0.93000, 4.84149
0.94000, 4.80527
0.95000, 4.76531
0.96000, 4.72833
0.97000, 4.70055
0.98000, 4.68156
0.99000, 4.66645
1.00000, 4.65044
1.01000, 4.63209
1.02000, 4.61224
1.03000, 4.59182
1.04000, 4.57203
1.05000, 4.55428
1.06000, 4.53967
1.07000, 4.52496
1.08000, 4.50367
1.09000, 4.47062
1.10000, 4.44091
1.11000, 4.44515
1.12000, 4.51327
1.13000, 4.65875
1.14000, 4.88209
1.15000, 5.18304
1.16000, 5.55431
1.17000, 5.98299
1.18000, 6.45590
1.19000, 6.95840
1.20000, 7.47463
1.21000, 7.98923
1.22000, 8.49625
1.23000, 8.99782
1.24000, 9.49642
1.25000, 9.99656
1.26000, 10.50457
1.27000, 11.02527
1.28000, 11.53392
1.29000, 11.97890
1.30000, 12.30902
1.31000, 12.50209
1.32000, 12.56304
1.33000, 12.49879
1.34000, 12.33641
1.35000, 12.12243
1.36000, 11.90292
1.37000, 11.69665
1.38000, 11.49534
1.39000, 11.28976
1.40000, 11.07657
1.41000, 10.85840
1.42000, 10.63816
1.43000, 10.41931
1.44000, 10.20591
1.45000, 10.00207
1.46000, 9.81257
1.47000, 9.64291
1.48000, 9.49850
1.49000, 9.38159
1.50000, 9.29093
1.51000, 9.22489
1.52000, 9.17710
1.53000, 9.13577
1.54000, 9.08903
1.55000, 9.03324
1.56000, 8.97441
1.57000, 8.91896
1.58000, 8.86979
1.59000, 8.82541
1.60000, 8.78406
1.61000, 8.74221
1.62000, 8.69416
1.63000, 8.63418
1.64000, 8.56176
1.65000, 8.48298
1.66000, 8.40426
1.67000, 8.32603
1.68000, 8.24090
1.69000, 8.14110
1.70000, 8.02727
1.71000, 7.91147
1.72000, 7.80635
1.73000, 7.71449
1.74000, 7.62436
1.75000, 7.52356
1.76000, 7.40953
1.77000, 7.29389
1.78000, 7.18924
1.79000, 7.10050
1.80000, 7.02122
1.81000, 6.94409
1.82000, 6.86622
1.83000, 6.79143
1.84000, 6.72406
1.85000, 6.66538
1.86000, 6.61181
1.87000, 6.55937
1.88000, 6.50524
1.89000, 6.44848
1.90000, 6.38832
1.91000, 6.32458
1.92000, 6.25807
1.93000, 6.18968
1.94000, 6.12117
1.95000, 6.05581
1.96000, 5.99698
1.97000, 5.94619
1.98000, 5.90166
1.99000, 5.86127
2.00000, 5.82323
2.01000, 5.78640
2.02000, 5.74968
2.03000, 5.71244
2.04000, 5.67487
2.05000, 5.63727
2.06000, 5.59981
2.07000, 5.56244
2.08000, 5.52507
2.09000, 5.48766
2.10000, 5.45023
2.11000, 5.41282
2.12000, 5.37543
2.13000, 5.33802
2.14000, 5.30056
2.15000, 5.26304
2.16000, 5.22561
2.17000, 5.18840
2.18000, 5.15135
2.19000, 5.11401
2.20000, 5.07586
2.21000, 5.03706
2.22000, 4.99935
2.23000, 4.96465
2.24000, 4.93240
2.25000, 4.89618
2.26000, 4.84879
2.27000, 4.79378
2.28000, 4.76051
2.29000, 4.78219
2.30000, 4.88936
2.31000, 5.10603
2.32000, 5.45521
2.33000, 5.94904
2.34000, 6.57189
2.35000, 7.30376
2.36000, 8.12378
2.37000, 9.00891
2.38000, 9.93572
2.39000, 10.87214
2.40000, 11.76253
2.41000, 12.54726
2.42000, 13.19392
2.43000, 13.74680
2.44000, 14.26359
2.45000, 14.79090
2.46000, 15.34285
2.47000, 15.92771
2.48000, 16.54697
2.49000, 17.18175
2.50000, 17.80936
2.51000, 18.39525
2.52000, 18.86814
2.53000, 19.14960
2.54000, 19.19566
2.55000, 19.07297
2.56000, 18.87030
2.57000, 18.65908
2.58000, 18.45304
2.59000, 18.25398
2.60000, 18.06274
2.61000, 17.87690
2.62000, 17.69334
2.63000, 17.50919
2.64000, 17.32258
2.65000, 17.13179
2.66000, 16.93501
2.67000, 16.72984
2.68000, 16.51379
2.69000, 16.28454
2.70000, 16.04052
2.71000, 15.78032
2.72000, 15.50348
2.73000, 15.21322
2.74000, 14.91364
2.75000, 14.60992
2.76000, 14.31138
2.77000, 14.02843
2.78000, 13.76914
2.79000, 13.53192
2.80000, 13.31264
2.81000, 13.11104
2.82000, 12.94358
2.83000, 12.83123
2.84000, 12.78875
2.85000, 12.80313
2.86000, 12.85363
2.87000, 12.92161
2.88000, 12.99819
2.89000, 13.07730
2.90000, 13.15397
2.91000, 13.22833
2.92000, 13.30205
2.93000, 13.37649
2.94000, 13.45151
2.95000, 13.52648
2.96000, 13.60099
2.97000, 13.67552
2.98000, 13.75085
2.99000, 13.82813
3.00000, 13.91040
3.01000, 14.00132
3.02000, 14.10375
3.03000, 14.21613
3.04000, 14.33539
3.05000, 14.45768
3.06000, 14.57459
3.07000, 14.67613
3.08000, 14.75478
3.09000, 14.81740
3.10000, 14.87605
3.11000, 14.94141
3.12000, 15.01549
3.13000, 15.09713
3.14000, 15.18515
3.15000, 15.27837
3.16000, 15.37567
3.17000, 15.47225
3.18000, 15.53993
3.19000, 15.54119
3.20000, 15.44655
3.21000, 15.28062
3.22000, 15.09017
3.23000, 14.91590
3.24000, 14.75568
3.25000, 14.58928
3.26000, 14.39981
3.27000, 14.19506
3.28000, 13.99363
3.29000, 13.81258
3.30000, 13.65742
3.31000, 13.52844
3.32000, 13.42614
3.33000, 13.35283
3.34000, 13.31170
3.35000, 13.30465
3.36000, 13.32357
3.37000, 13.35553
3.38000, 13.38848
3.39000, 13.41783
3.40000, 13.44270
3.41000, 13.46256
3.42000, 13.47991
3.43000, 13.49877
3.44000, 13.52270
3.45000, 13.55104
3.46000, 13.58094
3.47000, 13.60938
3.48000, 13.63213
3.49000, 13.64432
3.50000, 13.64161
3.51000, 13.62489
3.52000, 13.59801
3.53000, 13.56470
3.54000, 13.52748
3.55000, 13.48818
3.56000, 13.44857
3.57000, 13.41011
3.58000, 13.37409
3.59000, 13.34134
3.60000, 13.30790
3.61000, 13.26691
3.62000, 13.21349
3.63000, 13.16561
3.64000, 13.15563
3.65000, 13.21359
3.66000, 13.34053
3.67000, 13.51868
3.68000, 13.73093
3.69000, 13.97192
3.70000, 14.24415
3.71000, 14.54885
3.72000, 14.86908
3.73000, 15.17544
3.74000, 15.44209
3.75000, 15.69315
3.76000, 15.98805
3.77000, 16.38232
3.78000, 16.86734
3.79000, 17.38785
3.80000, 17.89076
3.81000, 18.36938
3.82000, 18.85180
3.83000, 19.36330
3.84000, 19.87503
3.85000, 20.31635
3.86000, 20.61812
3.87000, 20.75157
3.88000, 20.71996
3.89000, 20.52905
3.90000, 20.21145
3.91000, 19.82167
3.92000, 19.41331
3.93000, 19.01357
3.94000, 18.62743
3.95000, 18.25806
3.96000, 17.88839
3.97000, 17.48383
3.98000, 17.01198
3.99000, 16.49245
4.00000, 15.99116
4.01000, 15.57225
4.02000, 15.23244
4.03000, 14.90665
4.04000, 14.53071
4.05000, 14.10743
4.06000, 13.70284
4.07000, 13.38279
4.08000, 13.15568
4.09000, 12.97405
4.10000, 12.78935
4.11000, 12.58089
4.12000, 12.35576
4.13000, 12.12233
4.14000, 11.88988
4.15000, 11.66865
4.16000, 11.46872
4.17000, 11.29546
4.18000, 11.14918
4.19000, 11.02990
4.20000, 10.93556
4.21000, 10.86183
4.22000, 10.80423
4.23000, 10.75708
4.24000, 10.71337
4.25000, 10.66613
4.26000, 10.61237
4.27000, 10.55369
4.28000, 10.49200
4.29000, 10.43095
4.30000, 10.37632
4.31000, 10.33391
4.32000, 10.30673
4.33000, 10.29433
4.34000, 10.29611
4.35000, 10.31296
4.36000, 10.34765
4.37000, 10.40292
4.38000, 10.47579
4.39000, 10.55581
4.40000, 10.63221
4.41000, 10.70016
4.42000, 10.76279
4.43000, 10.82376
4.44000, 10.88624
4.45000, 10.95266
4.46000, 11.02535
4.47000, 11.10290
4.48000, 11.17863
4.49000, 11.24549
4.50000, 11.29720
4.51000, 11.32860
4.52000, 11.33475
4.53000, 11.31589
4.54000, 11.28012
4.55000, 11.23613
4.56000, 11.18976
4.57000, 11.14244
4.58000, 11.09523
4.59000, 11.04857
4.60000, 11.00196
4.61000, 10.95478
4.62000, 10.90715
4.63000, 10.86031
4.64000, 10.81560
4.65000, 10.77219
4.66000, 10.72560
4.67000, 10.67102
4.68000, 10.60509
4.69000, 10.52692
4.70000, 10.43593
4.71000, 10.33418
4.72000, 10.22848
4.73000, 10.12610
4.74000, 10.03065
4.75000, 9.93904
4.76000, 9.84744
4.77000, 9.75385
4.78000, 9.65974
4.79000, 9.56693
4.80000, 9.47559
4.81000, 9.38251
4.82000, 9.28415
4.83000, 9.17995
4.84000, 9.07544
4.85000, 8.97686
4.86000, 8.88771
4.87000, 8.80584
4.88000, 8.72838
4.89000, 8.65303
4.90000, 8.57865
4.91000, 8.50427
4.92000, 8.42938
4.93000, 8.35439
4.94000, 8.27986
4.95000, 8.20585
4.96000, 8.13125
4.97000, 8.05477
4.98000, 7.97672
4.99000, 7.90112
5.00000, 7.83251
5.01000, 7.77467
5.02000, 7.72954
5.03000, 7.69877
5.04000, 7.68229
5.05000, 7.67581
5.06000, 7.67436
5.07000, 7.67413
5.08000, 7.67429
5.09000, 7.67447
5.10000, 7.67445
5.11000, 7.67439
5.12000, 7.67448
5.13000, 7.67478
5.14000, 7.67489
5.15000, 7.67434
5.16000, 7.67316
5.17000, 7.67277
5.18000, 7.67483
5.19000, 7.68063
5.20000, 7.69037
5.21000, 7.70404
5.22000, 7.72127
5.23000, 7.74064
5.24000, 7.76054
5.25000, 7.77973
5.26000, 7.79830
5.27000, 7.81654
5.28000, 7.83480
5.29000, 7.85341
5.30000, 7.87277
5.31000, 7.89280
5.32000, 7.91202
5.33000, 7.92864
5.34000, 7.94014
5.35000, 7.94147
5.36000, 7.92705
5.37000, 7.89335
5.38000, 7.84431
5.39000, 7.78551
5.40000, 7.72187
5.41000, 7.65576
5.42000, 7.58897
5.43000, 7.52293
5.44000, 7.45759
5.45000, 7.39257
5.46000, 7.32750
5.47000, 7.26211
5.48000, 7.19615
5.49000, 7.12961
5.50000, 7.06364
5.51000, 6.99966
5.52000, 6.93898
5.53000, 6.88249
5.54000, 6.83096
5.55000, 6.78438
5.56000, 6.73916
5.57000, 6.69080
5.58000, 6.63615
5.59000, 6.57839
5.60000, 6.52247
5.61000, 6.47221
5.62000, 6.42626
5.63000, 6.38171
5.64000, 6.33615
5.65000, 6.28931
5.66000, 6.24162
5.67000, 6.19442
5.68000, 6.15368
5.69000, 6.12684
5.70000, 6.11968
5.71000, 6.12956
5.72000, 6.15113
5.73000, 6.17913
5.74000, 6.20881
5.75000, 6.23560
5.76000, 6.25610
5.77000, 6.27317
5.78000, 6.29188
5.79000, 6.31634
5.80000, 6.34519
5.81000, 6.37515
5.82000, 6.40353
5.83000, 6.43095
5.84000, 6.45928
5.85000, 6.49039
5.86000, 6.52627
5.87000, 6.56893
5.88000, 6.61979
5.89000, 6.67658
5.90000, 6.73556
5.91000, 6.79342
5.92000, 6.84959
5.93000, 6.90461
5.94000, 6.95911
5.95000, 7.01439
5.96000, 7.07204
5.97000, 7.13343
5.98000, 7.19850
5.99000, 7.26660
6.00000, 7.33667
6.01000, 7.40486
6.02000, 7.46605
6.03000, 7.51578
6.04000, 7.55438
6.05000, 7.58436
6.06000, 7.60812
6.07000, 7.62727
6.08000, 7.64304
6.09000, 7.65694
6.10000, 7.67281
6.11000, 7.69560
6.12000, 7.72928
6.13000, 7.76937
6.14000, 7.80719
6.15000, 7.83501
6.16000, 7.85355
6.17000, 7.86791
6.18000, 7.88289
6.19000, 7.90058
6.20000, 7.92157
6.21000, 7.94633
6.22000, 7.97420
6.23000, 8.00387
6.24000, 8.03404
6.25000, 8.06321
6.26000, 8.08981
6.27000, 8.11244
6.28000, 8.13147
6.29000, 8.14832
6.30000, 8.16443
6.31000, 8.18167
6.32000, 8.20211
6.33000, 8.22753
6.34000, 8.25642
6.35000, 8.28524
6.36000, 8.31060
6.37000, 8.33105
6.38000, 8.34639
6.39000, 8.35664
6.40000, 8.36442
6.41000, 8.37399
6.42000, 8.38925
6.43000, 8.40902
6.44000, 8.42870
6.45000, 8.44394
6.46000, 8.45405
6.47000, 8.46092
6.48000, 8.46654
6.49000, 8.47354
6.50000, 8.48500
6.51000, 8.50332
6.52000, 8.52138
6.53000, 8.52502
6.54000, 8.50062
6.55000, 8.44486
6.56000, 8.36221
6.57000, 8.25743
6.58000, 8.13715
6.59000, 8.00942
6.60000, 7.88204
6.61000, 7.75865
6.62000, 7.63946
6.63000, 7.52453
6.64000, 7.41258
6.65000, 7.30117
6.66000, 7.18804
6.67000, 7.07398
6.68000, 6.96237
6.69000, 6.85676
6.70000, 6.76262
6.71000, 6.68706
6.72000, 6.63689
6.73000, 6.61153
6.74000, 6.60384
6.75000, 6.60654
6.76000, 6.61487
6.77000, 6.62640
6.78000, 6.63878
6.79000, 6.64996
6.80000, 6.65816
6.81000, 6.66170
6.82000, 6.66137
6.83000, 6.66032
6.84000, 6.66178
6.85000, 6.66792
6.86000, 6.67991
6.87000, 6.69881
6.88000, 6.72444
6.89000, 6.75535
6.90000, 6.79005
6.91000, 6.82713
6.92000, 6.86533
6.93000, 6.90344
6.94000, 6.94095
6.95000, 6.97816
6.96000, 7.01538
6.97000, 7.05277
6.98000, 7.09024
6.99000, 7.12771
7.00000, 7.16513
7.01000, 7.20253
7.02000, 7.23992
7.03000, 7.27733
7.04000, 7.31475
7.05000, 7.35218
7.06000, 7.38961
7.07000, 7.42702
7.08000, 7.46439
7.09000, 7.50174
7.10000, 7.53916
7.11000, 7.57675
7.12000, 7.61441
7.13000, 7.65179
7.14000, 7.68857
7.15000, 7.72507
7.16000, 7.76257
7.17000, 7.80236
7.18000, 7.84318
7.19000, 7.88033
7.20000, 7.90886
7.21000, 7.92579
7.22000, 7.93091
7.23000, 7.92425
7.24000, 7.90776
7.25000, 7.88617
7.26000, 7.86443
7.27000, 7.84508
7.28000, 7.82714
7.29000, 7.80930
7.30000, 7.79085
7.31000, 7.77194
7.32000, 7.75281
7.33000, 7.73375
7.34000, 7.71509
7.35000, 7.69717
7.36000, 7.67963
7.37000, 7.66096
7.38000, 7.63952
7.39000, 7.61426
7.40000, 7.58505
7.41000, 7.55187
7.42000, 7.51530
7.43000, 7.47699
7.44000, 7.43866
7.45000, 7.40123
7.46000, 7.36408
7.47000, 7.32642
7.48000, 7.28819
7.49000, 7.25062
7.50000, 7.21506
7.51000, 7.18095
7.52000, 7.14397
7.53000, 7.09944
7.54000, 7.04766
7.55000, 6.99880
7.56000, 6.96416
7.57000, 6.94865
7.58000, 6.94421
7.59000, 6.94116
7.60000, 6.93351
7.61000, 6.92286
7.62000, 6.91180
7.63000, 6.90197
7.64000, 6.89296
7.65000, 6.88408
7.66000, 6.87490
7.67000, 6.86546
7.68000, 6.85591
7.69000, 6.84637
7.70000, 6.83701
7.71000, 6.82797
7.72000, 6.81917
7.73000, 6.80994
7.74000, 6.79954
7.75000, 6.78817
7.76000, 6.77829
7.77000, 6.77275
7.78000, 6.77251
7.79000, 6.77395
7.80000, 6.77270
7.81000, 6.76604
7.82000, 6.75552
7.83000, 6.74343
7.84000, 6.73184
7.85000, 6.72233
7.86000, 6.71640
7.87000, 6.71471
7.88000, 6.71560
7.89000, 6.71700
7.90000, 6.71745
7.91000, 6.71721
7.92000, 6.71686
7.93000, 6.71680
7.94000, 6.71688
7.95000, 6.71687
7.96000, 6.71665
7.97000, 6.71655
7.98000, 6.71694
7.99000, 6.71787
8.00000, 6.71824
8.01000, 6.71670
8.02000, 6.71319
8.03000, 6.71180
8.04000, 6.71746
8.05000, 6.73419
8.06000, 6.76280
8.07000, 6.80343
8.08000, 6.85516
8.09000, 6.91329
8.10000, 6.97228
8.11000, 7.02824
8.12000, 7.08323
8.13000, 7.14067
8.14000, 7.20300
8.15000, 7.26916
8.16000, 7.33725
8.17000, 7.40536
8.18000, 7.47150
8.19000, 7.53364
8.20000, 7.59076
8.21000, 7.64563
8.22000, 7.70198
8.23000, 7.76288
8.24000, 7.82848
8.25000, 7.89820
8.26000, 7.97133
8.27000, 8.04659
8.28000, 8.12258
8.29000, 8.19808
8.30000, 8.27291
8.31000, 8.34714
8.32000, 8.42100
8.33000, 8.49540
8.34000, 8.57145
8.35000, 8.64946
8.36000, 8.72603
8.37000, 8.79666
8.38000, 8.85724
8.39000, 8.90551
8.40000, 8.93981
8.41000, 8.95933
8.42000, 8.96770
8.43000, 8.96992
8.44000, 8.97039
8.45000, 8.97035
8.46000, 8.97003
8.47000, 8.96965
8.48000, 8.96950
8.49000, 8.96990
8.50000, 8.97094
8.51000, 8.97157
8.52000, 8.97033
8.53000, 8.96585
8.54000, 8.95728
8.55000, 8.94397
8.56000, 8.92510
8.57000, 8.89892
8.58000, 8.86332
8.59000, 8.81673
8.60000, 8.76079
8.61000, 8.69837
8.62000, 8.63235
8.63000, 8.56570
8.64000, 8.50139
8.65000, 8.44191
8.66000, 8.38620
8.67000, 8.33185
8.68000, 8.27667
8.69000, 8.22046
8.70000, 8.16384
8.71000, 8.10736
8.72000, 8.05119
8.73000, 7.99530
8.74000, 7.93965
8.75000, 7.88381
8.76000, 7.82725
8.77000, 7.76965
8.78000, 7.71241
8.79000, 7.65776
8.80000, 7.60758
8.81000, 7.56101
8.82000, 7.51592
8.83000, 7.47035
8.84000, 7.42375
8.85000, 7.37627
8.86000, 7.32818
8.87000, 7.28056
8.88000, 7.23491
8.89000, 7.19263
8.90000, 7.15421
8.91000, 7.11966
8.92000, 7.08890
8.93000, 7.06088
8.94000, 7.03407
8.95000, 7.00701
8.96000, 6.97918
8.97000, 6.95055
8.98000, 6.92120
8.99000, 6.89220
9.00000, 6.86514
9.01000, 6.84153
9.02000, 6.82179
9.03000, 6.80566
9.04000, 6.79254
9.05000, 6.77797
9.06000, 6.75518
9.07000, 6.71818
9.08000, 6.67012
9.09000, 6.61983
9.10000, 6.57556
9.11000, 6.53810
9.12000, 6.50348
9.13000, 6.46787
9.14000, 6.43044
9.15000, 6.39231
9.16000, 6.35458
9.17000, 6.31732
9.18000, 6.27998
9.19000, 6.24204
9.20000, 6.20398
9.21000, 6.16697
9.22000, 6.13222
9.23000, 6.10143
9.24000, 6.07664
9.25000, 6.05969
9.26000, 6.04957
9.27000, 6.04317
9.28000, 6.03736
9.29000, 6.02979
9.30000, 6.01872
9.31000, 6.00258
9.32000, 5.98287
9.33000, 5.96352
9.34000, 5.94828
9.35000, 5.93794
9.36000, 5.93081
9.37000, 5.92510
9.38000, 5.91829
9.39000, 5.90720
9.40000, 5.88882
9.41000, 5.86282
9.42000, 5.83121
9.43000, 5.79604
9.44000, 5.75884
9.45000, 5.72068
9.46000, 5.68260
9.47000, 5.64503
9.48000, 5.60786
9.49000, 5.57093
9.50000, 5.53391
9.51000, 5.49629
9.52000, 5.45762
9.53000, 5.41877
9.54000, 5.38190
9.55000, 5.34911
9.56000, 5.32044
9.57000, 5.29388
9.58000, 5.26734
9.59000, 5.23978
9.60000, 5.21122
9.61000, 5.18173
9.62000, 5.15226
9.63000, 5.12470
9.64000, 5.10091
9.65000, 5.08115
9.66000, 5.06397
9.67000, 5.04782
9.68000, 5.03097
9.69000, 5.01148
9.70000, 4.98746
9.71000, 4.95934
9.72000, 4.93012
9.73000, 4.90295
9.74000, 4.88032
9.75000, 4.86396
9.76000, 4.85551
9.77000, 4.85423
9.78000, 4.85655
9.79000, 4.85876
9.80000, 4.85917
9.81000, 4.85854
9.82000, 4.85782
9.83000, 4.85754
9.84000, 4.85773
9.85000, 4.85838
9.86000, 4.85909
9.87000, 4.85897
9.88000, 4.85712
9.89000, 4.85453
9.90000, 4.85478
9.91000, 4.86157
9.92000, 4.87646
9.93000, 4.89796
9.94000, 4.92437
9.95000, 4.95341
9.96000, 4.98201
9.97000, 5.00707
9.98000, 5.02739
9.99000, 5.04462
10.00000, 5.06061
10.01000, 5.07723
10.02000, 5.09635
10.03000, 5.11980
10.04000, 5.14759
10.05000, 5.17683
10.06000, 5.20439
10.07000, 5.22767
10.08000, 5.24488
10.09000, 5.25435
10.10000, 5.25633
10.11000, 5.25425
10.12000, 5.25182
10.13000, 5.25118
10.14000, 5.25172
10.15000, 5.25260
10.16000, 5.25314
10.17000, 5.25302
10.18000, 5.25198
10.19000, 5.25048
10.20000, 5.25038
10.21000, 5.25363
10.22000, 5.25908
10.23000, 5.25969
10.24000, 5.24781
10.25000, 5.21748
10.26000, 5.16610
10.27000, 5.09148
10.28000, 4.99530
10.29000, 4.88702
10.30000, 4.77701
10.31000, 4.67186
10.32000, 4.57033
10.33000, 4.47021
10.34000, 4.36950
10.35000, 4.26653
10.36000, 4.15974
10.37000, 4.04866
10.38000, 3.93536
10.39000, 3.82223
10.40000, 3.71223
10.41000, 3.60959
10.42000, 3.51873
10.43000, 3.44244
10.44000, 3.37979
10.45000, 3.32929
10.46000, 3.28860
10.47000, 3.25335
10.48000, 3.21884
10.49000, 3.18204
10.50000, 3.14398
10.51000, 3.10632
10.52000, 3.06980
10.53000, 3.03286
10.54000, 2.99355
10.55000, 2.95190
10.56000, 2.91318
10.57000, 2.88350
10.58000, 2.86806
10.59000, 2.86951
10.60000, 2.89010
10.61000, 2.92946
10.62000, 2.98003
10.63000, 3.03292
10.64000, 3.08181
10.65000, 3.12761
10.66000, 3.17258
10.67000, 3.21845
10.68000, 3.26536
10.69000, 3.31314
10.70000, 3.36133
10.71000, 3.40850
10.72000, 3.45304
10.73000, 3.49375
10.74000, 3.53079
10.75000, 3.56457
10.76000, 3.59541
10.77000, 3.62332
10.78000, 3.64824
10.79000, 3.67009
10.80000, 3.68871
10.81000, 3.70390
10.82000, 3.71568
10.83000, 3.72468
10.84000, 3.73171
10.85000, 3.73798
10.86000, 3.74634
10.87000, 3.76001
10.88000, 3.78030
10.89000, 3.80148
10.90000, 3.81608
10.91000, 3.81719
10.92000, 3.79992
10.93000, 3.75986
10.94000, 3.69544
10.95000, 3.61644
10.96000, 3.53549
10.97000, 3.46180
10.98000, 3.39007
10.99000, 3.31124
11.00000, 3.21938
11.01000, 3.12207
11.02000, 3.03051
11.03000, 2.95262
11.04000, 2.88147
11.05000, 2.80600
11.06000, 2.71881
11.07000, 2.62948
11.08000, 2.55246
11.09000, 2.49972
11.10000, 2.47136
11.11000, 2.46397
11.12000, 2.47365
11.13000, 2.49417
11.14000, 2.51855
11.15000, 2.54079
11.16000, 2.55967
11.17000, 2.57549
11.18000, 2.58926
11.19000, 2.60551
11.20000, 2.62993
11.21000, 2.66626
11.22000, 2.70740
11.23000, 2.74263
11.24000, 2.76390
11.25000, 2.77838
11.26000, 2.79857
11.27000, 2.83465
11.28000, 2.88321
11.29000, 2.93592
11.30000, 2.98557
11.31000, 3.03187
11.32000, 3.07707
11.33000, 3.12314
11.34000, 3.17009
11.35000, 3.21717
11.36000, 3.26381
11.37000, 3.31031
11.38000, 3.35735
11.39000, 3.40535
11.40000, 3.45303
11.41000, 3.49844
11.42000, 3.53986
11.43000, 3.57751
11.44000, 3.61243
11.45000, 3.64534
11.46000, 3.67501
11.47000, 3.69930
11.48000, 3.71687
11.49000, 3.73251
11.50000, 3.75373
11.51000, 3.78667
11.52000, 3.82689
11.53000, 3.86503
11.54000, 3.89285
11.55000, 3.91122
11.56000, 3.92538
11.57000, 3.94026
11.58000, 3.95796
11.59000, 3.97916
11.60000, 4.00437
11.61000, 4.03257
11.62000, 4.06196
11.63000, 4.09088
11.64000, 4.11899
11.65000, 4.14661
11.66000, 4.17409
11.67000, 4.20184
11.68000, 4.23032
11.69000, 4.25984
11.70000, 4.28909
11.71000, 4.31593
11.72000, 4.33844
11.73000, 4.35718
11.74000, 4.37420
11.75000, 4.39141
11.76000, 4.40968
11.77000, 4.42922
11.78000, 4.45007
11.79000, 4.47048
11.80000, 4.48759
11.81000, 4.49895
11.82000, 4.50669
11.83000, 4.51585
11.84000, 4.53100
11.85000, 4.55092
11.86000, 4.57060
11.87000, 4.58538
11.88000, 4.59499
11.89000, 4.60213
11.90000, 4.60944
11.91000, 4.61814
11.92000, 4.62849
11.93000, 4.64084
11.94000, 4.65675
11.95000, 4.67870
11.96000, 4.70891
11.97000, 4.74604
11.98000, 4.78617
11.99000, 4.82549
12.00000, 4.86298
12.01000, 4.89968
12.02000, 4.93663
12.03000, 4.97408
12.04000, 5.01165
12.05000, 5.04898
12.06000, 5.08615
12.07000, 5.12365
12.08000, 5.16189
12.09000, 5.20023
12.10000, 5.23717
12.11000, 5.27121
12.12000, 5.30135
12.13000, 5.32703
12.14000, 5.34779
12.15000, 5.36543
12.16000, 5.38366
12.17000, 5.40609
12.18000, 5.43333
12.19000, 5.46333
12.20000, 5.49398
12.21000, 5.52352
12.22000, 5.55055
12.23000, 5.57374
12.24000, 5.59322
12.25000, 5.61044
12.26000, 5.62692
12.27000, 5.64418
12.28000, 5.66373
12.29000, 5.68701
12.30000, 5.71410
12.31000, 5.74368
12.32000, 5.77438
12.33000, 5.80440
12.34000, 5.83153
12.35000, 5.85368
12.36000, 5.87166
12.37000, 5.88939
12.38000, 5.91084
12.39000, 5.93735
12.40000, 5.96740
12.41000, 5.99927
12.42000, 6.03043
12.43000, 6.05733
12.44000, 6.07652
12.45000, 6.08771
12.46000, 6.09427
12.47000, 6.09974
12.48000, 6.10683
12.49000, 6.11726
12.50000, 6.13262
12.51000, 6.15205
12.52000, 6.17171
12.53000, 6.18767
12.54000, 6.19853
12.55000, 6.20611
12.56000, 6.21246
12.57000, 6.21963
12.58000, 6.22967
12.59000, 6.24461
12.60000, 6.26392
12.61000, 6.28371
12.62000, 6.29991
12.63000, 6.31093
12.64000, 6.31857
12.65000, 6.32489
12.66000, 6.33196
12.67000, 6.34188
12.68000, 6.35672
12.69000, 6.37605
12.70000, 6.39589
12.71000, 6.41198
12.72000, 6.42273
12.73000, 6.43046
12.74000, 6.43782
12.75000, 6.44640
12.76000, 6.45618
12.77000, 6.46702
12.78000, 6.47805
12.79000, 6.48731
12.80000, 6.49275
12.81000, 6.49387
12.82000, 6.49264
12.83000, 6.49126
12.84000, 6.49095
12.85000, 6.49128
12.86000, 6.49165
12.87000, 6.49174
12.88000, 6.49165
12.89000, 6.49155
12.90000, 6.49153
12.91000, 6.49155
12.92000, 6.49158
12.93000, 6.49159
12.94000, 6.49158
12.95000, 6.49157
12.96000, 6.49156
12.97000, 6.49157
12.98000, 6.49158
12.99000, 6.49159
13.00000, 6.49159
13.01000, 6.49156
13.02000, 6.49150
13.03000, 6.49150
13.04000, 6.49161
13.05000, 6.49182
13.06000, 6.49186
13.07000, 6.49143
13.08000, 6.49065
13.09000, 6.49050
13.10000, 6.49209
13.11000, 6.49678
13.12000, 6.50661
13.13000, 6.52365
13.14000, 6.54852
13.15000, 6.57837
13.16000, 6.60989
13.17000, 6.64034
13.18000, 6.66829
13.19000, 6.69251
13.20000, 6.71262
13.21000, 6.73039
13.22000, 6.74788
13.23000, 6.76642
13.24000, 6.78543
13.25000, 6.80406
13.26000, 6.82201
13.27000, 6.84041
13.28000, 6.86061
13.29000, 6.88252
13.30000, 6.90222
13.31000, 6.91512
13.32000, 6.91882
13.33000, 6.91685
13.34000, 6.91376
13.35000, 6.91278
13.36000, 6.91331
13.37000, 6.91408
13.38000, 6.91424
13.39000, 6.91406
13.40000, 6.91405
13.41000, 6.91445
13.42000, 6.91465
13.43000, 6.91392
13.44000, 6.91218
13.45000, 6.91150
13.46000, 6.91440
13.47000, 6.92223
13.48000, 6.93269
13.49000, 6.94272
13.50000, 6.95058
13.51000, 6.95886
13.52000, 6.97109
13.53000, 6.98917
13.54000, 7.00949
13.55000, 7.02724
13.56000, 7.03912
13.57000, 7.04728
13.58000, 7.05507
13.59000, 7.06482
13.60000, 7.07498
13.61000, 7.08311
13.62000, 7.08723
13.63000, 7.08713
13.64000, 7.08299
13.65000, 7.07526
13.66000, 7.06535
13.67000, 7.05492
13.68000, 7.04525
13.69000, 7.03611
13.70000, 7.02686
13.71000, 7.01710
13.72000, 7.00744
13.73000, 6.99875
13.74000, 6.99134
13.75000, 6.98302
13.76000, 6.97096
13.77000, 6.95336
13.78000, 6.93321
13.79000, 6.91484
13.80000, 6.90168
13.81000, 6.89285
13.82000, 6.88625
13.83000, 6.87977
13.84000, 6.87132
13.85000, 6.85883
13.86000, 6.84105
13.87000, 6.82093
13.88000, 6.80269
13.89000, 6.78972
13.90000, 6.78095
13.91000, 6.77389
13.92000, 6.76628
13.93000, 6.75725
13.94000, 6.74633
13.95000, 6.73366
13.96000, 6.72245
13.97000, 6.71695
13.98000, 6.72048
13.99000, 6.73074
14.00000, 6.74345
14.01000, 6.75489
14.02000, 6.76433
14.03000, 6.77221
14.04000, 6.77917
14.05000, 6.78727
14.06000, 6.79911
14.07000, 6.81654
14.08000, 6.83677
14.09000, 6.85521
14.10000, 6.86802
14.11000, 6.87659
14.12000, 6.88435
14.13000, 6.89417
14.14000, 6.90472
14.15000, 6.91300
14.16000, 6.91646
14.17000, 6.91608
14.18000, 6.91432
14.19000, 6.91338
14.20000, 6.91348
14.21000, 6.91395
14.22000, 6.91420
14.23000, 6.91418
14.24000, 6.91405
14.25000, 6.91398
14.26000, 6.91399
14.27000, 6.91402
14.28000, 6.91404
14.29000, 6.91404
14.30000, 6.91403
14.31000, 6.91403
14.32000, 6.91403
14.33000, 6.91403
14.34000, 6.91403
14.35000, 6.91403
14.36000, 6.91403
14.37000, 6.91403
14.38000, 6.91403
14.39000, 6.91403
14.40000, 6.91403
14.41000, 6.91403
14.42000, 6.91403
14.43000, 6.91403
14.44000, 6.91402
14.45000, 6.91403
14.46000, 6.91404
14.47000, 6.91405
14.48000, 6.91404
14.49000, 6.91399
14.50000, 6.91394
14.51000, 6.91398
14.52000, 6.91418
14.53000, 6.91436
14.54000, 6.91420
14.55000, 6.91348
14.56000, 6.91281
14.57000, 6.91336
14.58000, 6.91604
14.59000, 6.91858
14.60000, 6.91660
14.61000, 6.90522
14.62000, 6.87387
14.63000, 6.80810
14.64000, 6.69433
14.65000, 6.53089
14.66000, 6.32434
14.67000, 6.08163
14.68000, 5.81287
14.69000, 5.53033
14.70000, 5.24586
14.71000, 4.96432
14.72000, 4.68542
14.73000, 4.40859
14.74000, 4.13105
14.75000, 3.84828
14.76000, 3.55659
14.77000, 3.26461
14.78000, 2.99065
14.79000, 2.75257
14.80000, 2.55761
14.81000, 2.40444
14.82000, 2.29138
14.83000, 2.21432
14.84000, 2.16715
14.85000, 2.14356
14.86000, 2.13477
14.87000, 2.12995
14.88000, 2.11866
14.89000, 2.09937
14.90000, 2.07833
14.91000, 2.06177
14.92000, 2.05134
14.93000, 2.04446
14.94000, 2.03847
14.95000, 2.03109
14.96000, 2.02040
14.97000, 2.00467
14.98000, 1.98506
14.99000, 1.96553
15.00000, 1.95004
15.01000, 1.93957
15.02000, 1.93221
15.03000, 1.92592
15.04000, 1.91861
15.05000, 1.90817
15.06000, 1.89256
15.07000, 1.87286
15.08000, 1.85329
15.09000, 1.83811
15.10000, 1.82814
15.11000, 1.82054
15.12000, 1.81235
15.13000, 1.80270
15.14000, 1.79300
15.15000, 1.78471
15.16000, 1.77721
15.17000, 1.76754
15.18000, 1.75273
15.19000, 1.73320
15.20000, 1.71337
15.21000, 1.69779
15.22000, 1.68762
15.23000, 1.68002
15.24000, 1.67195
15.25000, 1.66235
15.26000, 1.65261
15.27000, 1.64419
15.28000, 1.63667
15.29000, 1.62718
15.30000, 1.61276
15.31000, 1.59353
15.32000, 1.57360
15.33000, 1.55727
15.34000, 1.54624
15.35000, 1.53866
15.36000, 1.53243
15.37000, 1.52542
15.38000, 1.51545
15.39000, 1.50039
15.40000, 1.48078
15.41000, 1.46098
15.42000, 1.44557
15.43000, 1.43580
15.44000, 1.42804
15.45000, 1.41832
15.46000, 1.40618
15.47000, 1.39645
15.48000, 1.39437
15.49000, 1.40146
15.50000, 1.41350
15.51000, 1.42578
15.52000, 1.43578
15.53000, 1.44442
15.54000, 1.45295
15.55000, 1.46206
15.56000, 1.47160
15.57000, 1.48131
15.58000, 1.49095
15.59000, 1.50027
15.60000, 1.50902
15.61000, 1.51747
15.62000, 1.52677
15.63000, 1.53815
15.64000, 1.55084
15.65000, 1.56050
15.66000, 1.56241
15.67000, 1.55515
15.68000, 1.54335
15.69000, 1.53227
15.70000, 1.52422
15.71000, 1.51576
15.72000, 1.50282
15.73000, 1.48412
15.74000, 1.46385
15.75000, 1.44684
15.76000, 1.43557
15.77000, 1.42771
15.78000, 1.42037
15.79000, 1.41167
15.80000, 1.40195
15.81000, 1.39178
15.82000, 1.38175
15.83000, 1.37240
15.84000, 1.36426
15.85000, 1.35694
15.86000, 1.34798
15.87000, 1.33463
15.88000, 1.31608
15.89000, 1.29598
15.90000, 1.27857
15.91000, 1.26647
15.92000, 1.25830
15.93000, 1.25214
15.94000, 1.24584
15.95000, 1.23677
15.96000, 1.22223
15.97000, 1.20186
15.98000, 1.18133
15.99000, 1.16723
16.00000, 1.16325
16.01000, 1.16552
16.02000, 1.16896
16.03000, 1.17003
16.04000, 1.16943
16.05000, 1.16853
16.06000, 1.16830
16.07000, 1.16848
16.08000, 1.16861
16.09000, 1.16843
16.10000, 1.16830
16.11000, 1.16869
16.12000, 1.16964
16.13000, 1.16999
16.14000, 1.16835
16.15000, 1.16473
16.16000, 1.16340
16.17000, 1.16946
16.18000, 1.18558
16.19000, 1.20665
16.20000, 1.22605
16.21000, 1.23905
16.22000, 1.24723
16.23000, 1.25345
16.24000, 1.26026
16.25000, 1.26928
16.26000, 1.28193
16.27000, 1.29890
16.28000, 1.31844
16.29000, 1.33824
16.30000, 1.35671
16.31000, 1.37489
16.32000, 1.39439
16.33000, 1.41689
16.34000, 1.44437
16.35000, 1.47886
16.36000, 1.52141
16.37000, 1.56939
16.38000, 1.61925
16.39000, 1.66801
16.40000, 1.71487
16.41000, 1.75959
16.42000, 1.80270
16.43000, 1.84788
16.44000, 1.89964
16.45000, 1.95997
16.46000, 2.02015
16.47000, 2.06860
16.48000, 2.09526
16.49000, 2.09676
16.50000, 2.07159
16.51000, 2.01922
16.52000, 1.94363
16.53000, 1.85008
16.54000, 1.74382
16.55000, 1.63010
16.56000, 1.51416
16.57000, 1.40032
16.58000, 1.28848
16.59000, 1.17718
16.60000, 1.06524
16.61000, 0.95282
16.62000, 0.84049
16.63000, 0.72944
16.64000, 0.62397
16.65000, 0.52940
16.66000, 0.45076
16.67000, 0.39147
16.68000, 0.35445
16.69000, 0.34098
16.70000, 0.34344
16.71000, 0.35110
16.72000, 0.35477
16.73000, 0.35414
16.74000, 0.35209
16.75000, 0.35109
16.76000, 0.35125
16.77000, 0.35180
16.78000, 0.35207
16.79000, 0.35203
16.80000, 0.35188
16.81000, 0.35181
16.82000, 0.35182
16.83000, 0.35186
16.84000, 0.35187
16.85000, 0.35186
16.86000, 0.35186
16.87000, 0.35188
16.88000, 0.35191
16.89000, 0.35188
16.90000, 0.35177
16.91000, 0.35169
16.92000, 0.35180
16.93000, 0.35220
16.94000, 0.35250
16.95000, 0.35209
16.96000, 0.35061
16.97000, 0.34948
16.98000, 0.35096
16.99000, 0.35696
17.00000, 0.36656
17.01000, 0.37753
17.02000, 0.38783
17.03000, 0.39715
17.04000, 0.40604
17.05000, 0.41502
17.06000, 0.42428
17.07000, 0.43387
17.08000, 0.44377
17.09000, 0.45352
17.10000, 0.46240
17.11000, 0.46994
17.12000, 0.47779
17.13000, 0.48875
17.14000, 0.50516
17.15000, 0.52510
17.16000, 0.54427
17.17000, 0.55873
17.18000, 0.56839
17.19000, 0.57533
17.20000, 0.58164
17.21000, 0.58943
17.22000, 0.60079
17.23000, 0.61746
17.24000, 0.63744
17.25000, 0.65648
17.26000, 0.67066
17.27000, 0.68011
17.28000, 0.68742
17.29000, 0.69513
17.30000, 0.70413
17.31000, 0.71429
17.32000, 0.72536
17.33000, 0.73602
17.34000, 0.74423
17.35000, 0.74812
17.36000, 0.74822
17.37000, 0.74669
17.38000, 0.74559
17.39000, 0.74551
17.40000, 0.74595
17.41000, 0.74645
17.42000, 0.74668
17.43000, 0.74643
17.44000, 0.74554
17.45000, 0.74472
17.46000, 0.74527
17.47000, 0.74827
17.48000, 0.75135
17.49000, 0.74950
17.50000, 0.73781
17.51000, 0.71436
17.52000, 0.67952
17.53000, 0.63365
17.54000, 0.57530
17.55000, 0.50162
17.56000, 0.41012
17.57000, 0.30570
17.58000, 0.19933
17.59000, 0.10173
17.60000, 0.01547
17.61000, -0.06391
17.62000, -0.14072
17.63000, -0.21313
17.64000, -0.27384
17.65000, -0.31575
17.66000, -0.33885
17.67000, -0.34956
17.68000, -0.35437
17.69000, -0.35617
17.70000, -0.35449
17.71000, -0.34877
17.72000, -0.33972
17.73000, -0.32922
17.74000, -0.31914
17.75000, -0.30997
17.76000, -0.30083
17.77000, -0.29082
17.78000, -0.28039
17.79000, -0.27131
17.80000, -0.26538
17.81000, -0.26344
17.82000, -0.26530
17.83000, -0.27071
17.84000, -0.27912
17.85000, -0.28965
17.86000, -0.30139
17.87000, -0.31275
17.88000, -0.32137
17.89000, -0.32494
17.90000, -0.32416
17.91000, -0.32314
17.92000, -0.32608
17.93000, -0.33423
17.94000, -0.34540
17.95000, -0.35721
17.96000, -0.36793
17.97000, -0.37662
17.98000, -0.38238
17.99000, -0.38463
18.00000, -0.38314
18.01000, -0.37774
18.02000, -0.36904
18.03000, -0.35865
18.04000, -0.34821
18.05000, -0.33857
18.06000, -0.32951
18.07000, -0.32072
18.08000, -0.31183
18.09000, -0.30236
18.10000, -0.29186
18.11000, -0.28094
18.12000, -0.27172
18.13000, -0.26639
18.14000, -0.26541
18.15000, -0.26673
18.16000, -0.26810
18.17000, -0.26838
18.18000, -0.26803
18.19000, -0.26764
18.20000, -0.26753
18.21000, -0.26763
18.22000, -0.26780
18.23000, -0.26793
18.24000, -0.26791
18.25000, -0.26761
18.26000, -0.26718
18.27000, -0.26718
18.28000, -0.26818
18.29000, -0.26978
18.30000, -0.26985
18.31000, -0.26613
18.32000, -0.25795
18.33000, -0.24736
18.34000, -0.23666
18.35000, -0.22711
18.36000, -0.21810
18.37000, -0.20882
18.38000, -0.19903
18.39000, -0.18954
18.40000, -0.18124
18.41000, -0.17381
18.42000, -0.16470
18.43000, -0.15112
18.44000, -0.13248
18.45000, -0.11242
18.46000, -0.09506
18.47000, -0.08285
18.48000, -0.07481
18.49000, -0.06958
18.50000, -0.06661
18.51000, -0.06703
18.52000, -0.07217
18.53000, -0.08180
18.54000, -0.09236
18.55000, -0.09987
18.56000, -0.10214
18.57000, -0.10086
18.58000, -0.09825
18.59000, -0.09626
18.60000, -0.09631
18.61000, -0.09969
18.62000, -0.10702
18.63000, -0.11723
18.64000, -0.12902
18.65000, -0.14083
18.66000, -0.15043
18.67000, -0.15551
18.68000, -0.15549
18.69000, -0.15410
18.70000, -0.15569
18.71000, -0.16283
18.72000, -0.17346
18.73000, -0.18477
18.74000, -0.19481
18.75000, -0.20385
18.76000, -0.21254
18.77000, -0.22141
18.78000, -0.23075
18.79000, -0.24081
18.80000, -0.25139
18.81000, -0.26111
18.82000, -0.26835
18.83000, -0.27187
18.84000, -0.27147
18.85000, -0.26716
18.86000, -0.25929
18.87000, -0.24926
18.88000, -0.23870
18.89000, -0.22880
18.90000, -0.21958
18.91000, -0.21077
18.92000, -0.20207
18.93000, -0.19287
18.94000, -0.18255
18.95000, -0.17116
18.96000, -0.16101
18.97000, -0.15491
18.98000, -0.15428
18.99000, -0.15575
19.00000, -0.15495
19.01000, -0.14878
19.02000, -0.13854
19.03000, -0.12656
19.04000, -0.11496
19.05000, -0.10521
19.06000, -0.09867
19.07000, -0.09618
19.08000, -0.09670
19.09000, -0.09878
19.10000, -0.10090
19.11000, -0.10146
19.12000, -0.09877
19.13000, -0.09179
19.14000, -0.08181
19.15000, -0.07075
19.16000, -0.06025
19.17000, -0.05080
19.18000, -0.04262
19.19000, -0.03546
19.20000, -0.02711
19.21000, -0.01482
19.22000, 0.00304
19.23000, 0.02328
19.24000, 0.04134
19.25000, 0.05375
19.26000, 0.06218
19.27000, 0.06974
19.28000, 0.07888
19.29000, 0.08882
19.30000, 0.09784
19.31000, 0.10495
19.32000, 0.11282
19.33000, 0.12524
19.34000, 0.14458
19.35000, 0.16589
19.36000, 0.18193
19.37000, 0.18717
19.38000, 0.18527
19.39000, 0.18289
19.40000, 0.18578
19.41000, 0.19480
19.42000, 0.20912
19.43000, 0.22763
19.44000, 0.24753
19.45000, 0.26545
19.46000, 0.27859
19.47000, 0.28767
19.48000, 0.29464
19.49000, 0.30145
19.50000, 0.30986
19.51000, 0.32160
19.52000, 0.33792
19.53000, 0.35728
19.54000, 0.37705
19.55000, 0.39510
19.56000, 0.41274
19.57000, 0.43260
19.58000, 0.45690
19.59000, 0.48505
19.60000, 0.51532
19.61000, 0.54594
19.62000, 0.57510
19.63000, 0.60094
19.64000, 0.62203
19.65000, 0.64000
19.66000, 0.65782
19.67000, 0.67736
19.68000, 0.69229
19.69000, 0.69260
19.70000, 0.66909
19.71000, 0.61882
19.72000, 0.54176
19.73000, 0.43869
19.74000, 0.31664
19.75000, 0.18568
19.76000, 0.05507
19.77000, -0.07241
19.78000, -0.19719
19.79000, -0.31952
19.80000, -0.43793
19.81000, -0.55005
19.82000, -0.65289
19.83000, -0.73803
19.84000, -0.79419
19.85000, -0.81163
19.86000, -0.79544
19.87000, -0.75867
19.88000, -0.71377
19.89000, -0.66656
19.90000, -0.61918
19.91000, -0.57342
19.92000, -0.52809
19.93000, -0.48023
19.94000, -0.42726
19.95000, -0.37044
19.96000, -0.31326
19.97000, -0.25915
19.98000, -0.21012
19.99000, -0.16737
20.00000, -0.13188
20.01000, -0.10282
20.02000, -0.07819
20.03000, -0.05609
20.04000, -0.03623
20.05000, -0.01930
20.06000, -0.00595
20.07000, 0.00408
20.08000, 0.01164
20.09000, 0.01771
20.10000, 0.02473
20.11000, 0.03611
20.12000, 0.05477
20.13000, 0.07707
20.14000, 0.09468
20.15000, 0.10002
20.16000, 0.09649
20.17000, 0.09555
20.18000, 0.10787
20.19000, 0.13053
20.20000, 0.15048
20.21000, 0.15526
20.22000, 0.14534
20.23000, 0.13114
20.24000, 0.12282
20.25000, 0.12238
20.26000, 0.12538
20.27000, 0.12738
20.28000, 0.12726
20.29000, 0.12660
20.30000, 0.12692
20.31000, 0.12789
20.32000, 0.12760
20.33000, 0.12432
20.34000, 0.12051
20.35000, 0.12224
20.36000, 0.13527
20.37000, 0.15692
20.38000, 0.17699
20.39000, 0.18559
20.40000, 0.18344
20.41000, 0.18099
20.42000, 0.18864
20.43000, 0.20742
20.44000, 0.22959
20.45000, 0.24730
20.46000, 0.25809
20.47000, 0.26471
20.48000, 0.27010
20.49000, 0.27696
20.50000, 0.28773
20.51000, 0.30469
20.52000, 0.32587
20.53000, 0.34493
20.54000, 0.35558
20.55000, 0.35690
20.56000, 0.35368
20.57000, 0.35088
20.58000, 0.35051
20.59000, 0.35136
20.60000, 0.35212
20.61000, 0.35223
20.62000, 0.35200
20.63000, 0.35179
20.64000, 0.35176
20.65000, 0.35183
20.66000, 0.35188
20.67000, 0.35189
20.68000, 0.35187
20.69000, 0.35186
20.70000, 0.35186
20.71000, 0.35186
20.72000, 0.35186
20.73000, 0.35186
20.74000, 0.35186
20.75000, 0.35186
20.76000, 0.35186
20.77000, 0.35186
20.78000, 0.35186
20.79000, 0.35186
20.80000, 0.35186
20.81000, 0.35186
20.82000, 0.35186
20.83000, 0.35186
20.84000, 0.35186
20.85000, 0.35187
20.86000, 0.35187
20.87000, 0.35186
20.88000, 0.35185
20.89000, 0.35185
20.90000, 0.35187
20.91000, 0.35190
20.92000, 0.35190
20.93000, 0.35183
20.94000, 0.35173
20.95000, 0.35173
20.96000, 0.35198
20.97000, 0.35236
20.98000, 0.35236
20.99000, 0.35146
21.00000, 0.35003
21.01000, 0.34999
21.02000, 0.35335
21.03000, 0.36092
21.04000, 0.37150
21.05000, 0.38366
21.06000, 0.39775
21.07000, 0.41711
21.08000, 0.44534
21.09000, 0.48249
21.10000, 0.52227
21.11000, 0.55776
21.12000, 0.58616
21.13000, 0.61227
21.14000, 0.64170
21.15000, 0.67724
21.16000, 0.71631
21.17000, 0.75576
21.18000, 0.79370
21.19000, 0.83067
21.20000, 0.86754
21.21000, 0.90481
21.22000, 0.94234
21.23000, 0.97990
21.24000, 1.01736
21.25000, 1.05475
21.26000, 1.09211
21.27000, 1.12949
21.28000, 1.16690
21.29000, 1.20438
21.30000, 1.24189
21.31000, 1.27932
21.32000, 1.31655
21.33000, 1.35362
21.34000, 1.39096
21.35000, 1.42904
21.36000, 1.46772
21.37000, 1.50543
21.38000, 1.54041
21.39000, 1.57146
21.40000, 1.59880
21.41000, 1.62284
21.42000, 1.64393
21.43000, 1.66218
21.44000, 1.67768
21.45000, 1.69186
21.46000, 1.70958
21.47000, 1.73625
21.48000, 1.77370
21.49000, 1.81413
21.50000, 1.84814
21.51000, 1.87033
21.52000, 1.88619
21.53000, 1.90309
21.54000, 1.92636
21.55000, 1.95550
21.56000, 1.98898
21.57000, 2.02533
21.58000, 2.06327
21.59000, 2.10154
21.60000, 2.13923
21.61000, 2.17650
21.62000, 2.21371
21.63000, 2.25110
21.64000, 2.28857
21.65000, 2.32595
21.66000, 2.36318
21.67000, 2.40050
21.68000, 2.43824
21.69000, 2.47644
21.70000, 2.51417
21.71000, 2.55033
21.72000, 2.58362
21.73000, 2.61213
21.74000, 2.63379
21.75000, 2.64753
21.76000, 2.65570
21.77000, 2.66144
21.78000, 2.66765
21.79000, 2.67644
21.80000, 2.68970
21.81000, 2.70823
21.82000, 2.72846
21.83000, 2.74585
21.84000, 2.75725
21.85000, 2.76526
21.86000, 2.77388
21.87000, 2.78460
21.88000, 2.78860
21.89000, 2.77444
21.90000, 2.73418
21.91000, 2.67474
21.92000, 2.60694
21.93000, 2.53981
21.94000, 2.47459
21.95000, 2.41038
21.96000, 2.34625
21.97000, 2.28119
21.98000, 2.21416
21.99000, 2.14410
22.00000, 2.06991
22.01000, 1.99048
22.02000, 1.90647
22.03000, 1.82700
22.04000, 1.76372
22.05000, 1.72729
22.06000, 1.72324
22.07000, 1.75556
22.08000, 1.82654
22.09000, 1.92996
22.10000, 2.05689
22.11000, 2.19881
22.12000, 2.34964
22.13000, 2.50409
22.14000, 2.65742
22.15000, 2.80775
22.16000, 2.95423
22.17000, 3.09639
22.18000, 3.23598
22.19000, 3.37554
22.20000, 3.51699
22.21000, 3.65857
22.22000, 3.79714
22.23000, 3.93032
22.24000, 4.06018
22.25000, 4.19046
22.26000, 4.32397
22.27000, 4.45736
22.28000, 4.58495
22.29000, 4.70225
22.30000, 4.81273
22.31000, 4.92308
22.32000, 5.03912
22.33000, 5.16081
22.34000, 5.28566
22.35000, 5.41114
22.36000, 5.53444
22.37000, 5.65268
22.38000, 5.76335
22.39000, 5.86688
22.40000, 5.96499
22.41000, 6.05892
22.42000, 6.14633
22.43000, 6.22323
22.44000, 6.28659
22.45000, 6.34092
22.46000, 6.39426
22.47000, 6.45376
22.48000, 6.51946
22.49000, 6.58789
22.50000, 6.65581
22.51000, 6.72191
22.52000, 6.78581
22.53000, 6.84711
22.54000, 6.90479
22.55000, 6.95757
22.56000, 7.00420
22.57000, 7.04382
22.58000, 7.07575
22.59000, 7.09964
22.60000, 7.11790
22.61000, 7.13444
22.62000, 7.15278
22.63000, 7.17250
22.64000, 7.19090
22.65000, 7.20550
22.66000, 7.21580
22.67000, 7.22243
22.68000, 7.22640
22.69000, 7.23192
22.70000, 7.24520
22.71000, 7.27107
22.72000, 7.29950
22.73000, 7.31131
22.74000, 7.28895
22.75000, 7.23487
22.76000, 7.16423
22.77000, 7.09141
22.78000, 7.01915
22.79000, 6.94263
22.80000, 6.85732
22.81000, 6.76405
22.82000, 6.66723
22.83000, 6.57112
22.84000, 6.47715
22.85000, 6.38474
22.86000, 6.29349
22.87000, 6.20561
22.88000, 6.12517
22.89000, 6.05647
22.90000, 6.00644
22.91000, 5.98397
22.92000, 5.99707
22.93000, 6.04079
22.94000, 6.10032
22.95000, 6.16125
22.96000, 6.21808
22.97000, 6.27230
22.98000, 6.32560
22.99000, 6.37991
23.00000, 6.43741
23.01000, 6.50008
23.02000, 6.56655
23.03000, 6.63277
23.04000, 6.69456
23.05000, 6.74780
23.06000, 6.78838
23.07000, 6.81221
23.08000, 6.81513
23.09000, 6.79295
23.10000, 6.74197
23.11000, 6.66802
23.12000, 6.58548
23.13000, 6.50856
23.14000, 6.44163
23.15000, 6.38000
23.16000, 6.31873
23.17000, 6.25501
23.18000, 6.18801
23.19000, 6.11705
23.20000, 6.04267
23.21000, 5.96663
23.22000, 5.89116
23.23000, 5.82938
23.24000, 5.80532
23.25000, 5.84268
23.26000, 5.94447
23.27000, 6.09227
23.28000, 6.26685
23.29000, 6.45393
23.30000, 6.64448
23.31000, 6.82999
23.32000, 7.00816
23.33000, 7.18357
23.34000, 7.36109
23.35000, 7.54402
23.36000, 7.73389
23.37000, 7.93186
23.38000, 8.13103
23.39000, 8.31510
23.40000, 8.46752
23.41000, 8.58078
23.42000, 8.65824
23.43000, 8.70393
23.44000, 8.72319
23.45000, 8.72296
23.46000, 8.71026
23.47000, 8.69124
23.48000, 8.67095
23.49000, 8.65427
23.50000, 8.64316
23.51000, 8.63572
23.52000, 8.62975
23.53000, 8.62298
23.54000, 8.61291
23.55000, 8.59709
23.56000, 8.57394
23.57000, 8.54309
23.58000, 8.50426
23.59000, 8.45625
23.60000, 8.39650
23.61000, 8.32242
23.62000, 8.23424
23.63000, 8.13626
23.64000, 8.03313
23.65000, 7.92871
23.66000, 7.82572
23.67000, 7.72672
23.68000, 7.63233
23.69000, 7.54011
23.70000, 7.44739
23.71000, 7.35321
23.72000, 7.25930
23.73000, 7.16768
23.74000, 7.07994
23.75000, 6.99702
23.76000, 6.91980
23.77000, 6.84909
23.78000, 6.78557
23.79000, 6.72988
23.80000, 6.68124
23.81000, 6.63636
23.82000, 6.59172
23.83000, 6.54535
23.84000, 6.49807
23.85000, 6.45101
23.86000, 6.40461
23.87000, 6.35803
23.88000, 6.31030
23.89000, 6.26165
23.90000, 6.21461
23.91000, 6.17195
23.92000, 6.13627
23.93000, 6.10987
23.94000, 6.09494
23.95000, 6.09137
23.96000, 6.09420
23.97000, 6.09790
23.98000, 6.09899
23.99000, 6.09826
24.00000, 6.09705
24.01000, 6.09635
24.02000, 6.09646
24.03000, 6.09759
24.04000, 6.09928
24.05000, 6.09956
24.06000, 6.09630
24.07000, 6.08854
24.08000, 6.07812
24.09000, 6.06726
24.10000, 6.05744
24.11000, 6.04836
24.12000, 6.03946
24.13000, 6.03033
24.14000, 6.02093
24.15000, 6.01128
24.16000, 6.00152
24.17000, 5.99208
24.18000, 5.98345
24.19000, 5.97549
24.20000, 5.96653
24.21000, 5.95464
24.22000, 5.93862
24.23000, 5.91918
24.24000, 5.89738
24.25000, 5.87349
24.26000, 5.84562
24.27000, 5.81148
24.28000, 5.76975
24.29000, 5.72179
24.30000, 5.66945
24.31000, 5.61441
24.32000, 5.55783
24.33000, 5.50078
24.34000, 5.44413
24.35000, 5.38804
24.36000, 5.33256
24.37000, 5.27746
24.38000, 5.22167
24.39000, 5.16393
24.40000, 5.10427
24.41000, 5.04676
24.42000, 4.99635
24.43000, 4.95581
24.44000, 4.92057
24.45000, 4.88452
24.46000, 4.84407
24.47000, 4.80443
24.48000, 4.77272
24.49000, 4.75292
24.50000, 4.73757
24.51000, 4.71664
24.52000, 4.68335
24.53000, 4.64311
24.54000, 4.60418
24.55000, 4.57264
24.56000, 4.54609
24.57000, 4.52009
24.58000, 4.49150
24.59000, 4.46233
24.60000, 4.43587
24.61000, 4.41445
24.62000, 4.39656
24.63000, 4.37966
24.64000, 4.36171
24.65000, 4.34280
24.66000, 4.32358
24.67000, 4.30460
24.68000, 4.28592
24.69000, 4.26743
24.70000, 4.24903
24.71000, 4.23045
24.72000, 4.21137
24.73000, 4.19170
24.74000, 4.17247
24.75000, 4.15503
24.76000, 4.13983
24.77000, 4.12313
24.78000, 4.09985
24.79000, 4.06646
24.80000, 4.02706
24.81000, 3.98816
24.82000, 3.95515
24.83000, 3.92752
24.84000, 3.90287
24.85000, 3.87869
24.86000, 3.85209
24.87000, 3.82000
24.88000, 3.78144
24.89000, 3.74704
24.90000, 3.73143
24.91000, 3.75042
24.92000, 3.82657
24.93000, 3.98485
24.94000, 4.24786
24.95000, 4.62392
24.96000, 5.11610
24.97000, 5.72195
24.98000, 6.40487
24.99000, 7.11528
25.00000, 7.80954
25.01000, 8.48227
25.02000, 9.14315
25.03000, 9.80197
25.04000, 10.46927
25.05000, 11.15586
25.06000, 11.86660
25.07000, 12.56565
25.08000, 13.20008
25.09000, 13.72361
25.10000, 14.13726
25.11000, 14.46249
25.12000, 14.71881
25.13000, 14.91067
25.14000, 15.03584
25.15000, 15.09430
25.16000, 15.10287
25.17000, 15.08616
25.18000, 15.06658
25.19000, 15.04904
25.20000, 15.03013
25.21000, 15.00725
25.22000, 14.98473
25.23000, 14.97029
25.24000, 14.96957
25.25000, 14.97031
25.26000, 14.95123
25.27000, 14.89312
25.28000, 14.79566
25.29000, 14.66833
25.30000, 14.52056
25.31000, 14.36078
25.32000, 14.19689
25.33000, 14.03602
25.34000, 13.87819
25.35000, 13.71948
25.36000, 13.55629
25.37000, 13.38839
25.38000, 13.21751
25.39000, 13.04579
25.40000, 12.87997
25.41000, 12.72946
25.42000, 12.60507
25.43000, 12.53254
25.44000, 12.54657
25.45000, 12.67821
25.46000, 12.91655
25.47000, 13.22466
25.48000, 13.56536
25.49000, 13.90337
25.50000, 14.20462
25.51000, 14.43846
25.52000, 14.61494
25.53000, 14.77097
25.54000, 14.94205
25.55000, 15.14031
25.56000, 15.36205
25.57000, 15.60359
25.58000, 15.86538
25.59000, 16.15078
25.60000, 16.46194
25.61000, 16.78347
25.62000, 17.08738
25.63000, 17.34669
25.64000, 17.55223
25.65000, 17.70809
25.66000, 17.81910
25.67000, 17.89689
25.68000, 17.95823
25.69000, 18.01932
25.70000, 18.08521
25.71000, 18.15216
25.72000, 18.21653
25.73000, 18.27943
25.74000, 18.34583
25.75000, 18.42036
25.76000, 18.49964
25.77000, 18.57368
25.78000, 18.63182
25.79000, 18.65514
25.80000, 18.61769
25.81000, 18.49495
25.82000, 18.29326
25.83000, 18.04617
25.84000, 17.78647
25.85000, 17.51392
25.86000, 17.19833
25.87000, 16.81051
25.88000, 16.36332
25.89000, 15.90894
25.90000, 15.49886
25.91000, 15.13818
25.92000, 14.78738
25.93000, 14.40721
25.94000, 14.00504
25.95000, 13.63434
25.96000, 13.34858
25.97000, 13.15429
25.98000, 13.01024
25.99000, 12.87397
26.00000, 12.72628
26.01000, 12.57229
26.02000, 12.41818
26.03000, 12.26706
26.04000, 12.11880
26.05000, 11.97311
26.06000, 11.83036
26.07000, 11.69166
26.08000, 11.55804
26.09000, 11.42818
26.10000, 11.29798
26.11000, 11.16341
26.12000, 11.02652
26.13000, 10.89649
26.14000, 10.78268
26.15000, 10.68621
26.16000, 10.59829
26.17000, 10.50967
26.18000, 10.41648
26.19000, 10.32153
26.20000, 10.22797
26.21000, 10.13613
26.22000, 10.04273
26.23000, 9.94433
26.24000, 9.84086
26.25000, 9.73668
26.26000, 9.63640
26.27000, 9.54163
26.28000, 9.44983
26.29000, 9.35829
26.30000, 9.26799
26.31000, 9.18508
26.32000, 9.11595
26.33000, 9.06022
26.34000, 9.00766
26.35000, 8.94742
26.36000, 8.87528
26.37000, 8.79686
26.38000, 8.71850
26.39000, 8.64330
26.40000, 8.56942
26.41000, 8.49462
26.42000, 8.41846
26.43000, 8.34337
26.44000, 8.27199
26.45000, 8.20521
26.46000, 8.14107
26.47000, 8.07734
26.48000, 8.01262
26.49000, 7.94681
26.50000, 7.87995
26.51000, 7.81280
26.52000, 7.74732
26.53000, 7.68560
26.54000, 7.62825
26.55000, 7.57333
26.56000, 7.51861
26.57000, 7.46282
26.58000, 7.40638
26.59000, 7.34990
26.60000, 7.29371
26.61000, 7.23768
26.62000, 7.18160
26.63000, 7.12539
26.64000, 7.06923
26.65000, 7.01332
26.66000, 6.95761
26.67000, 6.90156
26.68000, 6.84456
26.69000, 6.78687
26.70000, 6.73048
26.71000, 6.67763
26.72000, 6.62925
26.73000, 6.58359
26.74000, 6.53855
26.75000, 6.49263
26.76000, 6.44565
26.77000, 6.39761
26.78000, 6.34910
26.79000, 6.30206
26.80000, 6.25861
26.81000, 6.21966
26.82000, 6.18331
26.83000, 6.14728
26.84000, 6.11013
26.85000, 6.07239
26.86000, 6.03492
26.87000, 5.99805
26.88000, 5.96088
26.89000, 5.92233
26.90000, 5.88246
26.91000, 5.84434
26.92000, 5.81148
26.93000, 5.78638
26.94000, 5.76887
26.95000, 5.75832
26.96000, 5.75548
26.97000, 5.76490
26.98000, 5.79172
26.99000, 5.83815
27.00000, 5.89798
27.01000, 5.96354
27.02000, 6.02905
27.03000, 6.09428
27.04000, 6.15997
27.05000, 6.22636
27.06000, 6.29223
27.07000, 6.35608
27.08000, 6.41651
27.09000, 6.47256
27.10000, 6.52330
27.11000, 6.56651
27.12000, 6.59582
27.13000, 6.60398
27.14000, 6.58624
27.15000, 6.54596
27.16000, 6.48821
27.17000, 6.41815
27.18000, 6.34126
27.19000, 6.26310
27.20000, 6.18770
27.21000, 6.11372
27.22000, 6.03866
27.23000, 5.96125
27.24000, 5.88498
27.25000, 5.81438
27.26000, 5.75261
27.27000, 5.69765
27.28000, 5.64625
27.29000, 5.59610
27.30000, 5.54858
27.31000, 5.50596
27.32000, 5.47020
27.33000, 5.44196
27.34000, 5.42158
27.35000, 5.40875
27.36000, 5.40056
27.37000, 5.39338
27.38000, 5.38444
27.39000, 5.37451
27.40000, 5.36532
27.41000, 5.35784
27.42000, 5.34970
27.43000, 5.33758
27.44000, 5.31941
27.45000, 5.29888
27.46000, 5.28134
27.47000, 5.27061
27.48000, 5.26316
27.49000, 5.25328
27.50000, 5.23672
27.51000, 5.21638
27.52000, 5.19735
27.53000, 5.18379
27.54000, 5.17493
27.55000, 5.16843
27.56000, 5.16202
27.57000, 5.15363
27.58000, 5.14128
27.59000, 5.12369
27.60000, 5.10363
27.61000, 5.08519
27.62000, 5.07176
27.63000, 5.06270
27.64000, 5.05599
27.65000, 5.04957
27.66000, 5.04132
27.67000, 5.02913
27.68000, 5.01154
27.69000, 4.99137
27.70000, 4.97300
27.71000, 4.96004
27.72000, 4.95133
27.73000, 4.94383
27.74000, 4.93499
27.75000, 4.92515
27.76000, 4.91581
27.77000, 4.90807
27.78000, 4.90008
27.79000, 4.88883
27.80000, 4.87199
27.81000, 4.85193
27.82000, 4.83302
27.83000, 4.81907
27.84000, 4.80976
27.85000, 4.80299
27.86000, 4.79664
27.87000, 4.78860
27.88000, 4.77678
27.89000, 4.75960
27.90000, 4.73951
27.91000, 4.72081
27.92000, 4.70726
27.93000, 4.69821
27.94000, 4.69087
27.95000, 4.68269
27.96000, 4.67330
27.97000, 4.66337
27.98000, 4.65353
27.99000, 4.64405
28.00000, 4.63501
28.01000, 4.62639
28.02000, 4.61757
28.03000, 4.60759
28.04000, 4.59580
28.05000, 4.58441
28.06000, 4.57719
28.07000, 4.57718
28.08000, 4.58039
28.09000, 4.57889
28.10000, 4.56575
28.11000, 4.54445
28.12000, 4.52444
28.13000, 4.51440
28.14000, 4.51421
28.15000, 4.51863
28.16000, 4.52257
28.17000, 4.52375
28.18000, 4.52160
28.19000, 4.51568
28.20000, 4.50662
28.21000, 4.49575
28.22000, 4.48440
28.23000, 4.47395
28.24000, 4.46580
28.25000, 4.46126
28.26000, 4.46040
28.27000, 4.46247
28.28000, 4.46684
28.29000, 4.47417
28.30000, 4.48609
28.31000, 4.50418
28.32000, 4.52934
28.33000, 4.56203
28.34000, 4.60252
28.35000, 4.64901
28.36000, 4.69814
28.37000, 4.74672
28.38000, 4.79372
28.39000, 4.83976
28.40000, 4.88554
28.41000, 4.93172
28.42000, 4.97898
28.43000, 5.02789
28.44000, 5.07679
28.45000, 5.12233
28.46000, 5.16121
28.47000, 5.19226
28.48000, 5.21602
28.49000, 5.23310
28.50000, 5.24433
28.51000, 5.25077
28.52000, 5.25348
28.53000, 5.25369
28.54000, 5.25278
28.55000, 5.25207
28.56000, 5.25201
28.57000, 5.25225
28.58000, 5.25244
28.59000, 5.25245
28.60000, 5.25239
28.61000, 5.25235
28.62000, 5.25237
28.63000, 5.25238
28.64000, 5.25233
28.65000, 5.25226
28.66000, 5.25228
28.67000, 5.25250
28.68000, 5.25277
28.69000, 5.25268
28.70000, 5.25186
28.71000, 5.25085
28.72000, 5.25117
28.73000, 5.25420
28.74000, 5.25798
28.75000, 5.25690
28.76000, 5.24568
28.77000, 5.23152
28.78000, 5.23522
28.79000, 5.27804
28.80000, 5.37444
28.81000, 5.53128
28.82000, 5.75505
28.83000, 6.05309
28.84000, 6.43373
28.85000, 6.90470
28.86000, 7.45256
28.87000, 8.03877
28.88000, 8.62394
28.89000, 9.18989
28.90000, 9.74429
28.91000, 10.29634
28.92000, 10.85256
28.93000, 11.41612
28.94000, 11.98947
28.95000, 12.55474
28.96000, 13.06780
28.97000, 13.48324
28.98000, 13.77481
28.99000, 13.94175
29.00000, 13.98553
29.01000, 13.92642
29.02000, 13.81049
29.03000, 13.68521
29.04000, 13.57387
29.05000, 13.46573
29.06000, 13.34763
29.07000, 13.21605
29.08000, 13.08147
29.09000, 12.95534
29.10000, 12.84159
29.11000, 12.73292
29.12000, 12.62121
29.13000, 12.50472
29.14000, 12.39156
29.15000, 12.29059
29.16000, 12.20642
29.17000, 12.13689
29.18000, 12.07921
29.19000, 12.03015
29.20000, 11.98574
29.21000, 11.94196
29.22000, 11.89634
29.23000, 11.84898
29.24000, 11.80022
29.25000, 11.75122
29.26000, 11.70448
29.27000, 11.66259
29.28000, 11.62360
29.29000, 11.57744
29.30000, 11.51326
29.31000, 11.42504
29.32000, 11.31565
29.33000, 11.18895
29.34000, 11.04809
29.35000, 10.89491
29.36000, 10.73112
29.37000, 10.55842
29.38000, 10.37854
29.39000, 10.19323
29.40000, 10.00484
29.41000, 9.81696
29.42000, 9.63333
29.43000, 9.45525
29.44000, 9.27903
29.45000, 9.10041
29.46000, 8.93303
29.47000, 8.82887
29.48000, 8.84487
29.49000, 9.03213
29.50000, 9.42889
29.51000, 10.07142
29.52000, 10.93810
29.53000, 11.87525
29.54000, 12.71108
29.55000, 13.34760
29.56000, 13.86057
29.57000, 14.35065
29.58000, 14.88817
29.59000, 15.46981
29.60000, 16.08131
29.61000, 16.72155
29.62000, 17.42235
29.63000, 18.22051
29.64000, 19.12427
29.65000, 20.06792
29.66000, 20.97395
29.67000, 21.77941
29.68000, 22.46016
29.69000, 22.99847
29.70000, 23.38372
29.71000, 23.62483
29.72000, 23.73405
29.73000, 23.73215
29.74000, 23.66401
29.75000, 23.57881
29.76000, 23.51230
29.77000, 23.46082
29.78000, 23.41353
29.79000, 23.36202
29.80000, 23.30531
29.81000, 23.24385
29.82000, 23.17860
29.83000, 23.11215
29.84000, 23.04744
29.85000, 22.98812
29.86000, 22.94013
29.87000, 22.90988
29.88000, 22.90053
29.89000, 22.90435
29.90000, 22.91133
29.91000, 22.91389
29.92000, 22.91290
29.93000, 22.91102
29.94000, 22.91030
29.95000, 22.91056
29.96000, 22.91108
29.97000, 22.91133
29.98000, 22.91129
29.99000, 22.91107
30.00000, 22.90756
30.01000, 22.88539
30.02000, 22.82621
30.03000, 22.71567
30.04000, 22.55500
30.05000, 22.34930
30.06000, 22.10554
30.07000, 21.83828
30.08000, 21.56402
30.09000, 21.29617
30.10000, 21.03516
30.11000, 20.77798
30.12000, 20.52140
30.13000, 20.26121
30.14000, 19.99292
30.15000, 19.71491
30.16000, 19.43829
30.17000, 19.17781
30.18000, 18.94627
30.19000, 18.74753
30.20000, 18.58287
30.21000, 18.45321
30.22000, 18.35782
30.23000, 18.29549
30.24000, 18.26316
30.25000, 18.24871
30.26000, 18.23718
30.27000, 18.21623
30.28000, 18.18688
30.29000, 18.15443
30.30000, 18.12355
30.31000, 18.09528
30.32000, 18.06949
30.33000, 18.04548
30.34000, 18.01953
30.35000, 17.98688
30.36000, 17.94338
30.37000, 17.88841
30.38000, 17.82259
30.39000, 17.74742
30.40000, 17.66949
30.41000, 17.59723
30.42000, 17.53717
30.43000, 17.48409
30.44000, 17.42832
30.45000, 17.36175
30.46000, 17.28602
30.47000, 17.20659
30.48000, 17.12839
30.49000, 17.05300
30.50000, 16.98064
30.51000, 16.91148
30.52000, 16.84549
30.53000, 16.78256
30.54000, 16.72260
30.55000, 16.66577
30.56000, 16.61234
30.57000, 16.56246
30.58000, 16.51553
30.59000, 16.47061
30.60000, 16.42662
30.61000, 16.38136
30.62000, 16.33216
30.63000, 16.27698
30.64000, 16.21891
30.65000, 16.16343
30.66000, 16.11509
30.67000, 16.07072
30.68000, 16.02341
30.69000, 15.96700
30.70000, 15.90188
30.71000, 15.83166
30.72000, 15.75964
30.73000, 15.68597
30.74000, 15.60917
30.75000, 15.52760
30.76000, 15.43814
30.77000, 15.33687
30.78000, 15.22083
30.79000, 15.09604
30.80000, 14.97343
30.81000, 14.86313
30.82000, 14.76699
30.83000, 14.68221
30.84000, 14.60650
30.85000, 14.54317
30.86000, 14.49882
30.87000, 14.47905
30.88000, 14.47898
30.89000, 14.48745
30.90000, 14.49389
30.91000, 14.49497
30.92000, 14.49183
30.93000, 14.48594
30.94000, 14.48178
30.95000, 14.48577
30.96000, 14.50334
30.97000, 14.52787
30.98000, 14.54492
30.99000, 14.54098
31.00000, 14.51563
31.01000, 14.47726
31.02000, 14.43374
31.03000, 14.38406
31.04000, 14.32110
31.05000, 14.23852
31.06000, 14.14187
31.07000, 14.04522
31.08000, 13.96173
31.09000, 13.88989
31.10000, 13.81739
31.11000, 13.73255
31.12000, 13.63663
31.13000, 13.54060
31.14000, 13.45504
31.15000, 13.38040
31.16000, 13.30929
31.17000, 13.23461
31.18000, 13.15685
31.19000, 13.08262
31.20000, 13.01823
31.21000, 12.96276
31.22000, 12.90929
31.23000, 12.85103
31.24000, 12.78643
31.25000, 12.71839
31.26000, 12.64989
31.27000, 12.58294
31.28000, 12.51871
31.29000, 12.45827
31.30000, 12.40142
31.31000, 12.34678
31.32000, 12.29296
31.33000, 12.23837
31.34000, 12.18132
31.35000, 12.12017
31.36000, 12.05515
31.37000, 11.98829
31.38000, 11.92159
31.39000, 11.85589
31.40000, 11.79082
31.41000, 11.72597
31.42000, 11.66092
31.43000, 11.59522
31.44000, 11.52848
31.45000, 11.46155
31.46000, 11.39654
31.47000, 11.33555
31.48000, 11.27872
31.49000, 11.22406
31.50000, 11.16952
31.51000, 11.11398
31.52000, 11.05737
31.53000, 10.99971
31.54000, 10.94199
31.55000, 10.88632
31.56000, 10.83483
31.57000, 10.78756
31.58000, 10.74213
31.59000, 10.69610
31.60000, 10.64883
31.61000, 10.60183
31.62000, 10.55665
31.63000, 10.51244
31.64000, 10.46535
31.65000, 10.41146
31.66000, 10.35210
31.67000, 10.29516
31.68000, 10.24884
31.69000, 10.21602
31.70000, 10.19265
31.71000, 10.17420
31.72000, 10.15695
31.73000, 10.13825
31.74000, 10.11557
31.75000, 10.08838
31.76000, 10.05895
31.77000, 10.02971
31.78000, 10.00172
31.79000, 9.97401
31.80000, 9.94553
31.81000, 9.91880
31.82000, 9.90159
31.83000, 9.90207
31.84000, 9.92981
31.85000, 9.99639
31.86000, 10.11343
31.87000, 10.28382
31.88000, 10.49683
31.89000, 10.74058
31.90000, 11.00248
31.91000, 11.26894
31.92000, 11.52638
31.93000, 11.76997
31.94000, 12.00935
31.95000, 12.25544
31.96000, 12.51344
31.97000, 12.77878
31.98000, 13.04589
31.99000, 13.30645
32.00000, 13.54729
32.01000, 13.75476
32.02000, 13.91712
32.03000, 14.02613
32.04000, 14.07401
32.05000, 14.06422
32.06000, 14.02111
32.07000, 13.97122
32.08000, 13.93079
32.09000, 13.89626
32.10000, 13.86182
32.11000, 13.82436
32.12000, 13.78606
32.13000, 13.74969
32.14000, 13.71555
32.15000, 13.67889
32.16000, 13.63438
32.17000, 13.57827
32.18000, 13.51020
32.19000, 13.43022
32.20000, 13.33807
32.21000, 13.23276
32.22000, 13.11323
32.23000, 12.97990
32.24000, 12.83656
32.25000, 12.68746
32.26000, 12.53640
32.27000, 12.38621
32.28000, 12.23953
32.29000, 12.09764
32.30000, 11.95847
32.31000, 11.81951
32.32000, 11.67920
32.33000, 11.53848
32.34000, 11.39865
32.35000, 11.26159
32.36000, 11.13059
32.37000, 11.00917
32.38000, 10.89923
32.39000, 10.79844
32.40000, 10.70379
32.41000, 10.61205
32.42000, 10.51948
32.43000, 10.42226
32.44000, 10.31884
32.45000, 10.21410
32.46000, 10.11400
32.47000, 10.02140
32.48000, 9.93023
32.49000, 9.83283
32.50000, 9.72730
32.51000, 9.62902
32.52000, 9.55649
32.53000, 9.52331
32.54000, 9.52781
32.55000, 9.56545
32.56000, 9.62996
32.57000, 9.70973
32.58000, 9.79208
32.59000, 9.86805
32.60000, 9.94092
32.61000, 10.01644
32.62000, 10.09843
32.63000, 10.18410
32.64000, 10.26928
32.65000, 10.35030
32.66000, 10.42535
32.67000, 10.49299
32.68000, 10.55159
32.69000, 10.59884
32.70000, 10.63224
32.71000, 10.65068
32.72000, 10.65815
32.73000, 10.65982
32.74000, 10.66005
32.75000, 10.65994
32.76000, 10.65982
32.77000, 10.65991
32.78000, 10.66001
32.79000, 10.65982
32.80000, 10.65922
32.81000, 10.65890
32.82000, 10.65978
32.83000, 10.66210
32.84000, 10.66329
32.85000, 10.66003
32.86000, 10.64950
32.87000, 10.63109
32.88000, 10.60480
32.89000, 10.57114
32.90000, 10.53277
32.91000, 10.49297
32.92000, 10.45448
32.93000, 10.41728
32.94000, 10.38058
32.95000, 10.34367
32.96000, 10.30632
32.97000, 10.26844
32.98000, 10.23011
32.99000, 10.19222
33.00000, 10.15593
33.01000, 10.12244
33.02000, 10.09332
33.03000, 10.07026
33.04000, 10.05450
33.05000, 10.04514
33.06000, 10.04050
33.07000, 10.03898
33.08000, 10.03926
33.09000, 10.04013
33.10000, 10.04054
33.11000, 10.04047
33.12000, 10.04024
33.13000, 10.04012
33.14000, 10.04014
33.15000, 10.04020
33.16000, 10.04024
33.17000, 10.04023
33.18000, 10.04021
33.19000, 10.04020
33.20000, 10.04020
33.21000, 10.04021
33.22000, 10.04022
33.23000, 10.04023
33.24000, 10.04022
33.25000, 10.04019
33.26000, 10.04017
33.27000, 10.04020
33.28000, 10.04030
33.29000, 10.04038
33.30000, 10.04027
33.31000, 10.03988
33.32000, 10.03959
33.33000, 10.03999
33.34000, 10.04144
33.35000, 10.04254
33.36000, 10.04109
33.37000, 10.03522
33.38000, 10.02571
33.39000, 10.01462
33.40000, 10.00386
33.41000, 9.99417
33.42000, 9.98572
33.43000, 9.97846
33.44000, 9.97058
33.45000, 9.95939
33.46000, 9.94270
33.47000, 9.92266
33.48000, 9.90367
33.49000, 9.88970
33.50000, 9.88041
33.51000, 9.87320
33.52000, 9.86558
33.53000, 9.85663
33.54000, 9.84629
33.55000, 9.83467
33.56000, 9.82363
33.57000, 9.81606
33.58000, 9.81435
33.59000, 9.81610
33.60000, 9.81608
33.61000, 9.80964
33.62000, 9.79862
33.63000, 9.78872
33.64000, 9.78513
33.65000, 9.78651
33.66000, 9.78745
33.67000, 9.78296
33.68000, 9.77330
33.69000, 9.76209
33.70000, 9.75271
33.71000, 9.74464
33.72000, 9.73485
33.73000, 9.72049
33.74000, 9.70188
33.75000, 9.68146
33.76000, 9.66158
33.77000, 9.64283
33.78000, 9.62459
33.79000, 9.60622
33.80000, 9.58755
33.81000, 9.56870
33.82000, 9.54982
33.83000, 9.53102
33.84000, 9.51240
33.85000, 9.49405
33.86000, 9.47568
33.87000, 9.45676
33.88000, 9.43683
33.89000, 9.41684
33.90000, 9.39886
33.91000, 9.38488
33.92000, 9.37488
33.93000, 9.36724
33.94000, 9.36032
33.95000, 9.35246
33.96000, 9.34198
33.97000, 9.32735
33.98000, 9.30896
33.99000, 9.28886
34.00000, 9.26909
34.01000, 9.25030
34.02000, 9.23196
34.03000, 9.21348
34.04000, 9.19473
34.05000, 9.17596
34.06000, 9.15740
34.07000, 9.13895
34.08000, 9.12016
34.09000, 9.10063
34.10000, 9.08093
34.11000, 9.06259
34.12000, 9.04700
34.13000, 9.03203
34.14000, 9.01204
34.15000, 8.98154
34.16000, 8.94216
34.17000, 8.90281
34.18000, 8.87242
34.19000, 8.85264
34.20000, 8.83748
34.21000, 8.82076
34.22000, 8.80099
34.23000, 8.78171
34.24000, 8.76661
34.25000, 8.75645
34.26000, 8.74879
34.27000, 8.74103
34.28000, 8.73201
34.29000, 8.72218
34.30000, 8.71209
34.31000, 8.70225
34.32000, 8.69310
34.33000, 8.68507
34.34000, 8.67735
34.35000, 8.66768
34.36000, 8.65375
34.37000, 8.63545
34.38000, 8.61543
34.39000, 8.59643
34.40000, 8.57891
34.41000, 8.56038
34.42000, 8.53820
34.43000, 8.51155
34.44000, 8.48199
34.45000, 8.45122
34.46000, 8.42109
34.47000, 8.39358
34.48000, 8.37065
34.49000, 8.35206
34.50000, 8.33451
34.51000, 8.31450
34.52000, 8.28979
34.53000, 8.25997
34.54000, 8.22482
34.55000, 8.18595
34.56000, 8.14774
34.57000, 8.11470
34.58000, 8.08749
34.59000, 8.06092
34.60000, 8.02937
34.61000, 7.99143
34.62000, 7.95232
34.63000, 7.91780
34.64000, 7.88968
34.65000, 7.86337
34.66000, 7.83372
34.67000, 7.79832
34.68000, 7.75922
34.69000, 7.71891
34.70000, 7.67950
34.71000, 7.64245
34.72000, 7.60911
34.73000, 7.57978
34.74000, 7.55281
34.75000, 7.52637
34.76000, 7.49915
34.77000, 7.47085
34.78000, 7.44126
34.79000, 7.41112
34.80000, 7.38291
34.81000, 7.35930
34.82000, 7.34074
34.83000, 7.32338
34.84000, 7.30291
34.85000, 7.27703
34.86000, 7.24756
34.87000, 7.21680
34.88000, 7.18674
34.89000, 7.15882
34.90000, 7.13438
34.91000, 7.11391
34.92000, 7.09616
34.93000, 7.07962
34.94000, 7.06278
34.95000, 7.04410
34.96000, 7.02203
34.97000, 6.99586
34.98000, 6.96687
34.99000, 6.93657
35.00000, 6.90652
35.01000, 6.87836
35.02000, 6.85375
35.03000, 6.83339
35.04000, 6.81565
35.05000, 6.79856
35.06000, 6.78067
35.07000, 6.76181
35.08000, 6.74198
35.09000, 6.72168
35.10000, 6.70264
35.11000, 6.68675
35.12000, 6.67510
35.13000, 6.66657
35.14000, 6.65971
35.15000, 6.65285
35.16000, 6.64386
35.17000, 6.63051
35.18000, 6.61208
35.19000, 6.59199
35.20000, 6.57442
35.21000, 6.56212
35.22000, 6.55377
35.23000, 6.54730
35.24000, 6.54065
35.25000, 6.53170
35.26000, 6.51837
35.27000, 6.49991
35.28000, 6.47979
35.29000, 6.46229
35.30000, 6.45027
35.31000, 6.44198
35.32000, 6.43477
35.33000, 6.42654
35.34000, 6.41706
35.35000, 6.40650
35.36000, 6.39419
35.37000, 6.37655
35.38000, 6.34939
35.39000, 6.30894
35.40000, 6.25289
35.41000, 6.17927
35.42000, 6.08752
35.43000, 5.98238
35.44000, 5.86977
35.45000, 5.75511
35.46000, 5.64189
35.47000, 5.53314
35.48000, 5.43040
35.49000, 5.32941
35.50000, 5.22451
35.51000, 5.11216
35.52000, 4.99746
35.53000, 4.88769
35.54000, 4.78916
35.55000, 4.70426
35.56000, 4.63430
35.57000, 4.58039
35.58000, 4.54257
35.59000, 4.52060
35.60000, 4.51330
35.61000, 4.51527
35.62000, 4.51993
35.63000, 4.52192
35.64000, 4.52142
35.65000, 4.52016
35.66000, 4.51962
35.67000, 4.51975
35.68000, 4.52009
35.69000, 4.52024
35.70000, 4.52020
35.71000, 4.52011
35.72000, 4.52007
35.73000, 4.52008
35.74000, 4.52010
35.75000, 4.52012
35.76000, 4.52011
35.77000, 4.52011
35.78000, 4.52010
35.79000, 4.52010
35.80000, 4.52011
35.81000, 4.52011
35.82000, 4.52011
35.83000, 4.52011
35.84000, 4.52011
35.85000, 4.52011
35.86000, 4.52011
35.87000, 4.52011
35.88000, 4.52011
35.89000, 4.52011
35.90000, 4.52011
35.91000, 4.52011
35.92000, 4.52011
35.93000, 4.52011
35.94000, 4.52011
35.95000, 4.52011
35.96000, 4.52011
35.97000, 4.52011
35.98000, 4.52011
35.99000, 4.52011
36.00000, 4.52011
36.01000, 4.52011
36.02000, 4.52011
36.03000, 4.52011
36.04000, 4.52011
36.05000, 4.52010
36.06000, 4.52010
36.07000, 4.52010
36.08000, 4.52012
36.09000, 4.52012
36.10000, 4.52011
36.11000, 4.52007
36.12000, 4.52004
36.13000, 4.52008
36.14000, 4.52023
36.15000, 4.52036
36.16000, 4.52021
36.17000, 4.51964
36.18000, 4.51917
36.19000, 4.51970
36.20000, 4.52183
36.21000, 4.52358
36.22000, 4.52167
36.23000, 4.51297
36.24000, 4.49641
36.25000, 4.47198
36.26000, 4.43990
36.27000, 4.40233
36.28000, 4.36258
36.29000, 4.32367
36.30000, 4.28624
36.31000, 4.24950
36.32000, 4.21269
36.33000, 4.17546
36.34000, 4.13770
36.35000, 4.09939
36.36000, 4.06126
36.37000, 4.02452
36.38000, 3.99038
36.39000, 3.96021
36.40000, 3.93546
36.41000, 3.91748
36.42000, 3.90629
36.43000, 3.90107
36.44000, 3.90082
36.45000, 3.90256
36.46000, 3.90205
36.47000, 3.89541
36.48000, 3.88440
36.49000, 3.87455
36.50000, 3.87100
36.51000, 3.87253
36.52000, 3.87339
36.53000, 3.86820
36.54000, 3.85772
36.55000, 3.84716
36.56000, 3.84151
36.57000, 3.84121
36.58000, 3.84333
36.59000, 3.84497
36.60000, 3.84518
36.61000, 3.84454
36.62000, 3.84366
36.63000, 3.84313
36.64000, 3.84356
36.65000, 3.84544
36.66000, 3.84734
36.67000, 3.84630
36.68000, 3.83954
36.69000, 3.82862
36.70000, 3.81871
36.71000, 3.81477
36.72000, 3.81613
36.73000, 3.81718
36.74000, 3.81250
36.75000, 3.80223
36.76000, 3.79151
36.77000, 3.78542
36.78000, 3.78486
36.79000, 3.78688
36.80000, 3.78847
36.81000, 3.78860
36.82000, 3.78807
36.83000, 3.78775
36.84000, 3.78785
36.85000, 3.78794
36.86000, 3.78761
36.87000, 3.78709
36.88000, 3.78724
36.89000, 3.78884
36.90000, 3.79085
36.91000, 3.79023
36.92000, 3.78407
36.93000, 3.77331
36.94000, 3.76309
36.95000, 3.75850
36.96000, 3.75960
36.97000, 3.76092
36.98000, 3.75688
36.99000, 3.74691
37.00000, 3.73601
37.01000, 3.72937
37.02000, 3.72843
37.03000, 3.73035
37.04000, 3.73207
37.05000, 3.73231
37.06000, 3.73181
37.07000, 3.73141
37.08000, 3.73144
37.09000, 3.73156
37.10000, 3.73141
37.11000, 3.73105
37.12000, 3.73107
37.13000, 3.73206
37.14000, 3.73348
37.15000, 3.73331
37.16000, 3.72946
37.17000, 3.72141
37.18000, 3.71066
37.19000, 3.69886
37.20000, 3.68768
37.21000, 3.67882
37.22000, 3.67395
37.23000, 3.67317
37.24000, 3.67439
37.25000, 3.67540
37.26000, 3.67525
37.27000, 3.67495
37.28000, 3.67557
37.29000, 3.67696
37.30000, 3.67700
37.31000, 3.67349
37.32000, 3.66565
37.33000, 3.65498
37.34000, 3.64318
37.35000, 3.63192
37.36000, 3.62289
37.37000, 3.61777
37.38000, 3.61681
37.39000, 3.61799
37.40000, 3.61905
37.41000, 3.61895
37.42000, 3.61862
37.43000, 3.61917
37.44000, 3.62057
37.45000, 3.62075
37.46000, 3.61748
37.47000, 3.60984
37.48000, 3.59928
37.49000, 3.58751
37.50000, 3.57620
37.51000, 3.56701
37.52000, 3.56158
37.53000, 3.56035
37.54000, 3.56145
37.55000, 3.56278
37.56000, 3.56308
37.57000, 3.56278
37.58000, 3.56250
37.59000, 3.56257
37.60000, 3.56267
37.61000, 3.56244
37.62000, 3.56188
37.63000, 3.56176
37.64000, 3.56294
37.65000, 3.56512
37.66000, 3.56553
37.67000, 3.56110
37.68000, 3.55114
37.69000, 3.54024
37.70000, 3.53369
37.71000, 3.53372
37.72000, 3.53555
37.73000, 3.53345
37.74000, 3.52467
37.75000, 3.51350
37.76000, 3.50523
37.77000, 3.50296
37.78000, 3.50439
37.79000, 3.50646
37.80000, 3.50708
37.81000, 3.50670
37.82000, 3.50615
37.83000, 3.50598
37.84000, 3.50607
37.85000, 3.50622
37.86000, 3.50627
37.87000, 3.50625
37.88000, 3.50621
37.89000, 3.50619
37.90000, 3.50620
37.91000, 3.50621
37.92000, 3.50621
37.93000, 3.50621
37.94000, 3.50621
37.95000, 3.50621
37.96000, 3.50621
37.97000, 3.50621
37.98000, 3.50621
37.99000, 3.50621
38.00000, 3.50621
38.01000, 3.50621
38.02000, 3.50621
38.03000, 3.50621
38.04000, 3.50621
38.05000, 3.50621
38.06000, 3.50621
38.07000, 3.50621
38.08000, 3.50621
38.09000, 3.50621
38.10000, 3.50621
38.11000, 3.50621
38.12000, 3.50621
38.13000, 3.50620
38.14000, 3.50620
38.15000, 3.50621
38.16000, 3.50624
38.17000, 3.50625
38.18000, 3.50621
38.19000, 3.50609
38.20000, 3.50604
38.21000, 3.50621
38.22000, 3.50664
38.23000, 3.50684
38.24000, 3.50622
38.25000, 3.50462
38.26000, 3.50384
38.27000, 3.50613
38.28000, 3.51304
38.29000, 3.52311
38.30000, 3.53407
38.31000, 3.54410
38.32000, 3.55328
38.33000, 3.56218
38.34000, 3.57130
38.35000, 3.58068
38.36000, 3.59022
38.37000, 3.59981
38.38000, 3.60925
38.39000, 3.61832
38.40000, 3.62696
38.41000, 3.63592
38.42000, 3.64620
38.43000, 3.65817
38.44000, 3.66903
38.45000, 3.67503
38.46000, 3.67309
38.47000, 3.66375
38.48000, 3.64869
38.49000, 3.62979
38.50000, 3.60992
38.51000, 3.59230
38.52000, 3.57949
38.53000, 3.57056
38.54000, 3.56336
38.55000, 3.55592
38.56000, 3.54707
38.57000, 3.53599
38.58000, 3.52185
38.59000, 3.50392
38.60000, 3.48154
38.61000, 3.45383
38.62000, 3.41861
38.63000, 3.37323
38.64000, 3.31581
38.65000, 3.24954
38.66000, 3.17951
38.67000, 3.11044
38.68000, 3.04418
38.69000, 2.98147
38.70000, 2.92279
38.71000, 2.86697
38.72000, 2.81217
38.73000, 2.75675
38.74000, 2.70055
38.75000, 2.64407
38.76000, 2.58831
38.77000, 2.53775
38.78000, 2.49843
38.79000, 2.47540
38.80000, 2.46601
38.81000, 2.46415
38.82000, 2.46419
38.83000, 2.46423
38.84000, 2.46418
38.85000, 2.46397
38.86000, 2.46380
38.87000, 2.46401
38.88000, 2.46482
38.89000, 2.46546
38.90000, 2.46470
38.91000, 2.46170
38.92000, 2.45924
38.93000, 2.46200
38.94000, 2.47399
38.95000, 2.49331
38.96000, 2.51490
38.97000, 2.53420
38.98000, 2.55173
38.99000, 2.57073
39.00000, 2.59415
39.01000, 2.62192
39.02000, 2.65220
39.03000, 2.68316
39.04000, 2.71276
39.05000, 2.73886
39.06000, 2.75969
39.07000, 2.77718
39.08000, 2.79550
39.09000, 2.81849
39.10000, 2.84624
39.11000, 2.87654
39.12000, 2.90719
39.13000, 2.93648
39.14000, 2.96301
39.15000, 2.98555
39.16000, 3.00457
39.17000, 3.02164
39.18000, 3.03834
39.19000, 3.05601
39.20000, 3.07586
39.21000, 3.09901
39.22000, 3.12583
39.23000, 3.15616
39.24000, 3.18954
39.25000, 3.22192
39.26000, 3.24669
39.27000, 3.25751
39.28000, 3.25289
39.29000, 3.23485
39.30000, 3.20561
39.31000, 3.16860
39.32000, 3.12819
39.33000, 3.08856
39.34000, 3.05098
39.35000, 3.01439
39.36000, 2.97775
39.37000, 2.94057
39.38000, 2.90284
39.39000, 2.86457
39.40000, 2.82639
39.41000, 2.78942
39.42000, 2.75481
39.43000, 2.72398
39.44000, 2.69860
39.45000, 2.68028
39.46000, 2.66887
39.47000, 2.66277
39.48000, 2.66033
39.49000, 2.66012
39.50000, 2.66092
39.51000, 2.66155
39.52000, 2.66161
39.53000, 2.66140
39.54000, 2.66123
39.55000, 2.66121
39.56000, 2.66127
39.57000, 2.66131
39.58000, 2.66132
39.59000, 2.66130
39.60000, 2.66129
39.61000, 2.66129
39.62000, 2.66129
39.63000, 2.66130
39.64000, 2.66130
39.65000, 2.66130
39.66000, 2.66129
39.67000, 2.66129
39.68000, 2.66129
39.69000, 2.66129
39.70000, 2.66129
39.71000, 2.66129
39.72000, 2.66129
39.73000, 2.66129
39.74000, 2.66129
39.75000, 2.66129
39.76000, 2.66130
39.77000, 2.66130
39.78000, 2.66129
39.79000, 2.66129
39.80000, 2.66129
39.81000, 2.66130
39.82000, 2.66130
39.83000, 2.66130
39.84000, 2.66129
39.85000, 2.66127
39.86000, 2.66127
39.87000, 2.66132
39.88000, 2.66140
39.89000, 2.66139
39.90000, 2.66119
39.91000, 2.66091
39.92000, 2.66094
39.93000, 2.66167
39.94000, 2.66271
39.95000, 2.66262
39.96000, 2.65991
39.97000, 2.65343
39.98000, 2.64264
39.99000, 2.62705
40.00000, 2.60774
40.01000, 2.58813
40.02000, 2.57176
40.03000, 2.56029
40.04000, 2.55251
40.05000, 2.54694
40.06000, 2.54118
40.07000, 2.53141
40.08000, 2.51376
40.09000, 2.48979
40.10000, 2.46981
40.11000, 2.46481
40.12000, 2.47849
40.13000, 2.50252
40.14000, 2.52751
40.15000, 2.54800
40.16000, 2.56532
40.17000, 2.58143
40.18000, 2.59816
40.19000, 2.61712
40.20000, 2.63990
40.21000, 2.66683
40.22000, 2.69600
40.23000, 2.72530
40.24000, 2.75355
40.25000, 2.78130
40.26000, 2.80929
40.27000, 2.83578
40.28000, 2.85420
40.29000, 2.85749
40.30000, 2.84363
40.31000, 2.82049
40.32000, 2.79711
40.33000, 2.77843
40.34000, 2.76112
40.35000, 2.74082
40.36000, 2.71513
40.37000, 2.68571
40.38000, 2.65476
40.39000, 2.62434
40.40000, 2.59630
40.41000, 2.57247
40.42000, 2.55320
40.43000, 2.53568
40.44000, 2.51662
40.45000, 2.49508
40.46000, 2.47538
40.47000, 2.46260
40.48000, 2.45920
40.49000, 2.46140
40.50000, 2.46454
40.51000, 2.46551
40.52000, 2.46494
40.53000, 2.46403
40.54000, 2.46366
40.55000, 2.46378
40.56000, 2.46423
40.57000, 2.46473
40.58000, 2.46482
40.59000, 2.46396
40.60000, 2.46231
40.61000, 2.46183
40.62000, 2.46476
40.63000, 2.47230
40.64000, 2.48264
40.65000, 2.49347
40.66000, 2.50319
40.67000, 2.51224
40.68000, 2.52143
40.69000, 2.53118
40.70000, 2.54079
40.71000, 2.54934
40.72000, 2.55672
40.73000, 2.56532
40.74000, 2.57801
40.75000, 2.59613
40.76000, 2.61630
40.77000, 2.63417
40.78000, 2.64671
40.79000, 2.65516
40.80000, 2.66164
40.81000, 2.66827
40.82000, 2.67709
40.83000, 2.69017
40.84000, 2.70837
40.85000, 2.72846
40.86000, 2.74631
40.87000, 2.75894
40.88000, 2.76751
40.89000, 2.77409
40.90000, 2.78078
40.91000, 2.78953
40.92000, 2.80230
40.93000, 2.82007
40.94000, 2.84003
40.95000, 2.85846
40.96000, 2.87234
40.97000, 2.88153
40.98000, 2.88657
40.99000, 2.88818
41.00000, 2.88769
41.01000, 2.88662
41.02000, 2.88618
41.03000, 2.88630
41.04000, 2.88660
41.05000, 2.88674
41.06000, 2.88671
41.07000, 2.88661
41.08000, 2.88650
41.09000, 2.88647
41.10000, 2.88659
41.11000, 2.88688
41.12000, 2.88703
41.13000, 2.88666
41.14000, 2.88562
41.15000, 2.88503
41.16000, 2.88638
41.17000, 2.89104
41.18000, 2.89982
41.19000, 2.91334
41.20000, 2.93164
41.21000, 2.95173
41.22000, 2.96961
41.23000, 2.98215
41.24000, 2.99076
41.25000, 2.99836
41.26000, 3.00737
41.27000, 3.01725
41.28000, 3.02644
41.29000, 3.03394
41.30000, 3.04191
41.31000, 3.05360
41.32000, 3.07136
41.33000, 3.09190
41.34000, 3.10987
41.35000, 3.12110
41.36000, 3.12859
41.37000, 3.13808
41.38000, 3.15421
41.39000, 3.17450
41.40000, 3.19371
41.41000, 3.20738
41.42000, 3.21627
41.43000, 3.22331
41.44000, 3.23112
41.45000, 3.24031
41.46000, 3.25069
41.47000, 3.26186
41.48000, 3.27227
41.49000, 3.27990
41.50000, 3.28305
41.51000, 3.28274
41.52000, 3.28118
41.53000, 3.28034
41.54000, 3.28043
41.55000, 3.28083
41.56000, 3.28099
41.57000, 3.28092
41.58000, 3.28088
41.59000, 3.28108
41.60000, 3.28129
41.61000, 3.28107
41.62000, 3.28011
41.63000, 3.27932
41.64000, 3.28022
41.65000, 3.28427
41.66000, 3.29231
41.67000, 3.30491
41.68000, 3.32233
41.69000, 3.34225
41.70000, 3.36095
41.71000, 3.37510
41.72000, 3.38472
41.73000, 3.39175
41.74000, 3.39813
41.75000, 3.40595
41.76000, 3.41733
41.77000, 3.43406
41.78000, 3.45407
41.79000, 3.47307
41.80000, 3.48713
41.81000, 3.49647
41.82000, 3.50383
41.83000, 3.51180
41.84000, 3.52105
41.85000, 3.53102
41.86000, 3.54116
41.87000, 3.55093
41.88000, 3.55981
41.89000, 3.56742
41.90000, 3.57521
41.91000, 3.58581
41.92000, 3.60157
41.93000, 3.62116
41.94000, 3.64071
41.95000, 3.65649
41.96000, 3.66732
41.97000, 3.67378
41.98000, 3.67651
41.99000, 3.67663
42.00000, 3.67559
42.01000, 3.67478
42.02000, 3.67466
42.03000, 3.67499
42.04000, 3.67551
42.05000, 3.67586
42.06000, 3.67559
42.07000, 3.67432
42.08000, 3.67305
42.09000, 3.67379
42.10000, 3.67828
42.11000, 3.68305
42.12000, 3.68048
42.13000, 3.66297
42.14000, 3.62598
42.15000, 3.56746
42.16000, 3.48560
42.17000, 3.38127
42.18000, 3.25764
42.19000, 3.11808
42.20000, 2.96813
42.21000, 2.81531
42.22000, 2.66689
42.23000, 2.52512
42.24000, 2.38763
42.25000, 2.25187
42.26000, 2.11473
42.27000, 1.97259
42.28000, 1.82229
42.29000, 1.67078
42.30000, 1.53478
42.31000, 1.43093
42.32000, 1.36631
42.33000, 1.33852
42.34000, 1.34456
42.35000, 1.37705
42.36000, 1.42414
42.37000, 1.47400
42.38000, 1.52121
42.39000, 1.56696
42.40000, 1.61275
42.41000, 1.65927
42.42000, 1.70634
42.43000, 1.75374
42.44000, 1.80104
42.45000, 1.84762
42.46000, 1.89287
42.47000, 1.93774
42.48000, 1.98495
42.49000, 2.03719
42.50000, 2.09402
42.51000, 2.15126
42.52000, 2.20459
42.53000, 2.25265
42.54000, 2.29760
42.55000, 2.34178
42.56000, 2.38702
42.57000, 2.43446
42.58000, 2.48516
42.59000, 2.53952
42.60000, 2.59702
42.61000, 2.65705
42.62000, 2.71717
42.63000, 2.77253
42.64000, 2.81818
42.65000, 2.85204
42.66000, 2.87586
42.67000, 2.89171
42.68000, 2.90201
42.69000, 2.90977
42.70000, 2.91794
42.71000, 2.92768
42.72000, 2.93742
42.73000, 2.94547
42.74000, 2.95231
42.75000, 2.96164
42.76000, 2.97735
42.77000, 2.99887
42.78000, 3.01885
42.79000, 3.02936
42.80000, 3.02424
42.81000, 3.00011
42.82000, 2.95385
42.83000, 2.88417
42.84000, 2.79277
42.85000, 2.68164
42.86000, 2.55479
42.87000, 2.41955
42.88000, 2.28353
42.89000, 2.15115
42.90000, 2.02132
42.91000, 1.89241
42.92000, 1.76296
42.93000, 1.63181
42.94000, 1.49783
42.95000, 1.36233
42.96000, 1.23103
42.97000, 1.11012
42.98000, 1.00617
42.99000, 0.92643
43.00000, 0.87820
43.01000, 0.86305
43.02000, 0.87146
43.03000, 0.89267
43.04000, 0.91883
43.05000, 0.94790
43.06000, 0.97855
43.07000, 1.00911
43.08000, 1.03723
43.09000, 1.06050
43.10000, 1.07867
43.11000, 1.09597
43.12000, 1.11724
43.13000, 1.14460
43.14000, 1.17430
43.15000, 1.20177
43.16000, 1.22404
43.17000, 1.24160
43.18000, 1.25542
43.19000, 1.26639
43.20000, 1.27519
43.21000, 1.28245
43.22000, 1.28935
43.23000, 1.29836
43.24000, 1.31210
43.25000, 1.33122
43.26000, 1.35146
43.27000, 1.36779
43.28000, 1.37775
43.29000, 1.38537
43.30000, 1.39573
43.31000, 1.41194
43.32000, 1.43196
43.33000, 1.45292
43.34000, 1.47269
43.35000, 1.49117
43.36000, 1.50860
43.37000, 1.52563
43.38000, 1.54394
43.39000, 1.56543
43.40000, 1.59119
43.41000, 1.62004
43.42000, 1.65035
43.43000, 1.68050
43.44000, 1.70888
43.45000, 1.73385
43.46000, 1.75454
43.47000, 1.77244
43.48000, 1.78950
43.49000, 1.80727
43.50000, 1.82603
43.51000, 1.84583
43.52000, 1.86628
43.53000, 1.88557
43.54000, 1.90160
43.55000, 1.91310
43.56000, 1.92163
43.57000, 1.92937
43.58000, 1.93800
43.59000, 1.94751
43.60000, 1.95751
43.61000, 1.96756
43.62000, 1.97709
43.63000, 1.98551
43.64000, 1.99282
43.65000, 2.00127
43.66000, 2.01366
43.67000, 2.03154
43.68000, 2.05171
43.69000, 2.06981
43.70000, 2.08258
43.71000, 2.09118
43.72000, 2.09793
43.73000, 2.10497
43.74000, 2.11382
43.75000, 2.12583
43.76000, 2.14191
43.77000, 2.16105
43.78000, 2.18176
43.79000, 2.20252
43.80000, 2.22183
43.81000, 2.23817
43.82000, 2.25045
43.83000, 2.25948
43.84000, 2.26662
43.85000, 2.27335
43.86000, 2.28176
43.87000, 2.29411
43.88000, 2.31179
43.89000, 2.33191
43.90000, 2.35023
43.91000, 2.36339
43.92000, 2.37227
43.93000, 2.37906
43.94000, 2.38593
43.95000, 2.39452
43.96000, 2.40637
43.97000, 2.42255
43.98000, 2.44177
43.99000, 2.46191
44.00000, 2.48120
44.01000, 2.49971
44.02000, 2.51816
44.03000, 2.53709
44.04000, 2.55610
44.05000, 2.57442
44.06000, 2.59163
44.07000, 2.60931
44.08000, 2.62977
44.09000, 2.65486
44.10000, 2.68339
44.11000, 2.71302
44.12000, 2.74172
44.13000, 2.76954
44.14000, 2.79737
44.15000, 2.82530
44.16000, 2.84812
44.17000, 2.85847
44.18000, 2.85058
44.19000, 2.82979
44.20000, 2.80611
44.21000, 2.78799
44.22000, 2.77241
44.23000, 2.75138
44.24000, 2.71839
44.25000, 2.67806
44.26000, 2.64000
44.27000, 2.61261
44.28000, 2.59459
44.29000, 2.58013
44.30000, 2.56397
44.31000, 2.54525
44.32000, 2.52522
44.33000, 2.50558
44.34000, 2.49152
44.35000, 2.48998
44.36000, 2.50666
44.37000, 2.53656
44.38000, 2.56924
44.39000, 2.59524
44.40000, 2.61388
44.41000, 2.62912
44.42000, 2.64475
44.43000, 2.66252
44.44000, 2.68313
44.45000, 2.70716
44.46000, 2.73453
44.47000, 2.76474
44.48000, 2.79706
44.49000, 2.82808
44.50000, 2.85292
44.51000, 2.86703
44.52000, 2.86970
44.53000, 2.86247
44.54000, 2.84709
44.55000, 2.82721
44.56000, 2.80759
44.57000, 2.79268
44.58000, 2.78285
44.59000, 2.77597
44.60000, 2.76984
44.61000, 2.76224
44.62000, 2.75094
44.63000, 2.73405
44.64000, 2.71374
44.65000, 2.69488
44.66000, 2.68223
44.67000, 2.67839
44.68000, 2.68450
44.69000, 2.70150
44.70000, 2.72792
44.71000, 2.76062
44.72000, 2.79652
44.73000, 2.83386
44.74000, 2.87184
44.75000, 2.90971
44.76000, 2.94721
44.77000, 2.98443
44.78000, 3.02151
44.79000, 3.05867
44.80000, 3.09627
44.81000, 3.13458
44.82000, 3.17292
44.83000, 3.20981
44.84000, 3.24379
44.85000, 3.27387
44.86000, 3.29950
44.87000, 3.32023
44.88000, 3.33787
44.89000, 3.35612
44.90000, 3.37856
44.91000, 3.40580
44.92000, 3.43585
44.93000, 3.46664
44.94000, 3.49633
44.95000, 3.52325
44.96000, 3.54583
44.97000, 3.56463
44.98000, 3.58210
44.99000, 3.60067
45.00000, 3.62038
45.01000, 3.63901
45.02000, 3.65421
45.03000, 3.66192
45.04000, 3.65646
45.05000, 3.63249
45.06000, 3.59359
45.07000, 3.55225
45.08000, 3.52091
45.09000, 3.50188
45.10000, 3.48701
45.11000, 3.46791
45.12000, 3.44159
45.13000, 3.41076
45.14000, 3.37842
45.15000, 3.34747
45.16000, 3.32077
45.17000, 3.30108
45.18000, 3.28900
45.19000, 3.28266
45.20000, 3.28011
45.21000, 3.27976
45.22000, 3.28046
45.23000, 3.28111
45.24000, 3.28120
45.25000, 3.28102
45.26000, 3.28084
45.27000, 3.28082
45.28000, 3.28087
45.29000, 3.28091
45.30000, 3.28092
45.31000, 3.28091
45.32000, 3.28089
45.33000, 3.28089
45.34000, 3.28090
45.35000, 3.28090
45.36000, 3.28090
45.37000, 3.28090
45.38000, 3.28090
45.39000, 3.28090
45.40000, 3.28090
45.41000, 3.28090
45.42000, 3.28090
45.43000, 3.28090
45.44000, 3.28090
45.45000, 3.28090
45.46000, 3.28090
45.47000, 3.28090
45.48000, 3.28090
45.49000, 3.28090
45.50000, 3.28090
45.51000, 3.28090
45.52000, 3.28090
45.53000, 3.28090
45.54000, 3.28089
45.55000, 3.28089
45.56000, 3.28091
45.57000, 3.28094
45.58000, 3.28094
45.59000, 3.28087
45.60000, 3.28076
45.61000, 3.28075
45.62000, 3.28101
45.63000, 3.28142
45.64000, 3.28145
45.65000, 3.28051
45.66000, 3.27895
45.67000, 3.27882
45.68000, 3.28231
45.69000, 3.29022
45.70000, 3.30076
45.71000, 3.31188
45.72000, 3.32214
45.73000, 3.33124
45.74000, 3.33903
45.75000, 3.34626
45.76000, 3.35542
45.77000, 3.36920
45.78000, 3.38808
45.79000, 3.40816
45.80000, 3.42501
45.81000, 3.43633
45.82000, 3.44426
45.83000, 3.45151
45.84000, 3.45992
45.85000, 3.46957
45.86000, 3.48030
45.87000, 3.49141
45.88000, 3.50099
45.89000, 3.50699
45.90000, 3.50854
45.91000, 3.50748
45.92000, 3.50601
45.93000, 3.50558
45.94000, 3.50586
45.95000, 3.50626
45.96000, 3.50638
45.97000, 3.50630
45.98000, 3.50620
45.99000, 3.50616
46.00000, 3.50618
46.01000, 3.50621
46.02000, 3.50622
46.03000, 3.50621
46.04000, 3.50621
46.05000, 3.50621
46.06000, 3.50621
46.07000, 3.50621
46.08000, 3.50619
46.09000, 3.50618
46.10000, 3.50622
46.11000, 3.50629
46.12000, 3.50632
46.13000, 3.50618
46.14000, 3.50589
46.15000, 3.50579
46.16000, 3.50629
46.17000, 3.50738
46.18000, 3.50777
46.19000, 3.50594
46.20000, 3.50058
46.21000, 3.49107
46.22000, 3.47687
46.23000, 3.45833
46.24000, 3.43845
46.25000, 3.42079
46.26000, 3.40792
46.27000, 3.39920
46.28000, 3.39331
46.29000, 3.38833
46.30000, 3.38024
46.31000, 3.36461
46.32000, 3.34021
46.33000, 3.31741
46.34000, 3.30914
46.35000, 3.32641
46.36000, 3.37309
46.37000, 3.45138
46.38000, 3.56146
46.39000, 3.69578
46.40000, 3.84491
46.41000, 4.00073
46.42000, 4.16030
46.43000, 4.32194
46.44000, 4.48385
46.45000, 4.64372
46.46000, 4.79911
46.47000, 4.94880
46.48000, 5.09667
46.49000, 5.24798
46.50000, 5.40527
46.51000, 5.55939
46.52000, 5.69802
46.53000, 5.81076
46.54000, 5.89591
46.55000, 5.95422
46.56000, 5.98766
46.57000, 6.00391
46.58000, 6.01232
46.59000, 6.02080
46.60000, 6.03044
46.61000, 6.04026
46.62000, 6.04950
46.63000, 6.05858
46.64000, 6.06826
46.65000, 6.07894
46.66000, 6.08914
46.67000, 6.09677
46.68000, 6.10094
46.69000, 6.10712
46.70000, 6.12291
46.71000, 6.15381
46.72000, 6.19404
46.73000, 6.23392
46.74000, 6.26562
46.75000, 6.29178
46.76000, 6.31876
46.77000, 6.35184
46.78000, 6.38997
46.79000, 6.42978
46.80000, 6.46838
46.81000, 6.50561
46.82000, 6.54238
46.83000, 6.57948
46.84000, 6.61694
46.85000, 6.65452
46.86000, 6.69202
46.87000, 6.72942
46.88000, 6.76679
46.89000, 6.80419
46.90000, 6.84162
46.91000, 6.87903
46.92000, 6.91641
46.93000, 6.95379
46.94000, 6.99125
46.95000, 7.02884
46.96000, 7.06638
46.97000, 7.10361
46.98000, 7.14037
46.99000, 7.17729
47.00000, 7.21537
47.01000, 7.25521
47.02000, 7.29450
47.03000, 7.32952
47.04000, 7.35696
47.05000, 7.37675
47.06000, 7.39033
47.07000, 7.39939
47.08000, 7.40712
47.09000, 7.41751
47.10000, 7.43391
47.11000, 7.45413
47.12000, 7.47317
47.13000, 7.48659
47.14000, 7.49531
47.15000, 7.50305
47.16000, 7.51309
47.17000, 7.52412
47.18000, 7.53235
47.19000, 7.53413
47.20000, 7.52761
47.21000, 7.51192
47.22000, 7.48598
47.23000, 7.44610
47.24000, 7.38715
47.25000, 7.30509
47.26000, 7.20797
47.27000, 7.11105
47.28000, 7.02816
47.29000, 6.95668
47.30000, 6.88388
47.31000, 6.79813
47.32000, 6.70181
47.33000, 6.60616
47.34000, 6.52163
47.35000, 6.44763
47.36000, 6.37637
47.37000, 6.30068
47.38000, 6.22230
47.39000, 6.14901
47.40000, 6.08812
47.41000, 6.03969
47.42000, 5.99883
47.43000, 5.96074
47.44000, 5.92324
47.45000, 5.88609
47.46000, 5.84905
47.47000, 5.81186
47.48000, 5.77425
47.49000, 5.73621
47.50000, 5.70202
47.51000, 5.67914
47.52000, 5.67554
47.53000, 5.70568
47.54000, 5.78905
47.55000, 5.94420
47.56000, 6.17308
47.57000, 6.46432
47.58000, 6.80605
47.59000, 7.18416
47.60000, 7.58270
47.61000, 7.98601
47.62000, 8.38426
47.63000, 8.77256
47.64000, 9.14679
47.65000, 9.51357
47.66000, 9.88894
47.67000, 10.28787
47.68000, 10.69895
47.69000, 11.08712
47.70000, 11.41761
47.71000, 11.67833
47.72000, 11.87816
47.73000, 12.02674
47.74000, 12.13374
47.75000, 12.20883
47.76000, 12.26164
47.77000, 12.30066
47.78000, 12.33332
47.79000, 12.36678
47.80000, 12.40375
47.81000, 12.44243
47.82000, 12.48086
47.83000, 12.51833
47.84000, 12.55543
47.85000, 12.59277
47.86000, 12.63041
47.87000, 12.66784
47.88000, 12.70455
47.89000, 12.74098
47.90000, 12.77862
47.91000, 12.81900
47.92000, 12.86321
47.93000, 12.91184
47.94000, 12.96538
47.95000, 13.02241
47.96000, 13.07926
47.97000, 13.13222
47.98000, 13.18021
47.99000, 13.22525
48.00000, 13.26955
48.01000, 13.31484
48.02000, 13.36226
48.03000, 13.41286
48.04000, 13.46711
48.05000, 13.52465
48.06000, 13.58507
48.07000, 13.64839
48.08000, 13.71507
48.09000, 13.78564
48.10000, 13.85969
48.11000, 13.93560
48.12000, 14.01168
48.13000, 14.08698
48.14000, 14.16150
48.15000, 14.23535
48.16000, 14.30913
48.17000, 14.38409
48.18000, 14.46147
48.19000, 14.53754
48.20000, 14.60130
48.21000, 14.64123
48.22000, 14.64845
48.23000, 14.61808
48.24000, 14.54568
48.25000, 14.43496
48.26000, 14.30225
48.27000, 14.16483
48.28000, 14.03256
48.29000, 13.90329
48.30000, 13.77384
48.31000, 13.64274
48.32000, 13.51133
48.33000, 13.38118
48.34000, 13.25221
48.35000, 13.12149
48.36000, 12.98588
48.37000, 12.84712
48.38000, 12.71557
48.39000, 12.60239
48.40000, 12.51351
48.41000, 12.44538
48.42000, 12.39351
48.43000, 12.35303
48.44000, 12.31849
48.45000, 12.28437
48.46000, 12.24753
48.47000, 12.20932
48.48000, 12.17161
48.49000, 12.13506
48.50000, 12.09800
48.51000, 12.05853
48.52000, 12.02090
48.53000, 12.00187
48.54000, 12.01978
48.55000, 12.09576
48.56000, 12.25683
48.57000, 12.53063
48.58000, 12.91538
48.59000, 13.34570
48.60000, 13.74801
48.61000, 14.08032
48.62000, 14.37111
48.63000, 14.65840
48.64000, 14.97027
48.65000, 15.31192
48.66000, 15.68539
48.67000, 16.09307
48.68000, 16.53824
48.69000, 17.02429
48.70000, 17.54963
48.71000, 18.10044
48.72000, 18.66106
48.73000, 19.21281
48.74000, 19.72945
48.75000, 20.18358
48.76000, 20.55035
48.77000, 20.81165
48.78000, 20.95046
48.79000, 20.96649
48.80000, 20.90445
48.81000, 20.81653
48.82000, 20.74126
48.83000, 20.67907
48.84000, 20.62379
48.85000, 20.57005
48.86000, 20.51457
48.87000, 20.45450
48.88000, 20.38876
48.89000, 20.32161
48.90000, 20.25831
48.91000, 20.20305
48.92000, 20.15691
48.93000, 20.12035
48.94000, 20.09353
48.95000, 20.07575
48.96000, 20.06612
48.97000, 20.06329
48.98000, 20.06449
48.99000, 20.06662
49.00000, 20.06737
49.01000, 20.06705
49.02000, 20.06651
49.03000, 20.06637
49.04000, 20.06649
49.05000, 20.06652
49.06000, 20.06630
49.07000, 20.06615
49.08000, 20.06655
49.09000, 20.06759
49.10000, 20.06808
49.11000, 20.06649
49.12000, 20.06146
49.13000, 20.05226
49.14000, 20.03834
49.15000, 20.01986
49.16000, 19.99987
49.17000, 19.98219
49.18000, 19.96961
49.19000, 19.96097
49.20000, 19.95401
49.21000, 19.94672
49.22000, 19.93778
49.23000, 19.92614
49.24000, 19.91091
49.25000, 19.89221
49.26000, 19.87038
49.27000, 19.84569
49.28000, 19.81791
49.29000, 19.78668
49.30000, 19.75183
49.31000, 19.71418
49.32000, 19.67483
49.33000, 19.63500
49.34000, 19.59666
49.35000, 19.56200
49.36000, 19.53243
49.37000, 19.50553
49.38000, 19.47768
49.39000, 19.44569
49.40000, 19.40875
49.41000, 19.36682
49.42000, 19.31956
49.43000, 19.26511
49.44000, 19.20111
49.45000, 19.12587
49.46000, 19.04141
49.47000, 18.95107
49.48000, 18.85796
49.49000, 18.76395
49.50000, 18.67048
49.51000, 18.57852
49.52000, 18.48621
49.53000, 18.39071
49.54000, 18.28984
49.55000, 18.18579
49.56000, 18.08243
49.57000, 17.98320
49.58000, 17.88895
49.59000, 17.79950
49.60000, 17.71501
49.61000, 17.63765
49.62000, 17.57046
